SourceFile,FileName,GPSLatitude,GPSLongitude,GPSAltitude,GPSDateTime
/Users/Taylor/Dropbox/Apps/Day One/Journal.dayone/photos/00F109807EC246FA81B7BA27FD57059C.jpg,00F109807EC246FA81B7BA27FD57059C.jpg,"32 deg 51' 7.22"" N","96 deg 45' 37.55"" W",181.3 m Above Sea Level,2014:03:15 12:29:56Z
/Users/Taylor/Dropbox/Apps/Day One/Journal.dayone/photos/02748A543E934AC5BA987192E819CF87.jpg,02748A543E934AC5BA987192E819CF87.jpg,"40 deg 21' 25.20"" N","111 deg 45' 11.40"" W",,
/Users/Taylor/Dropbox/Apps/Day One/Journal.dayone/photos/046033591E624860B52BC2D305991D70.jpg,046033591E624860B52BC2D305991D70.jpg,"32 deg 51' 7.30"" N","96 deg 45' 37.52"" W",184.3 m Above Sea Level,2013:07:18 02:11:43Z
/Users/Taylor/Dropbox/Apps/Day One/Journal.dayone/photos/04ECD0EBE01147538E8457853D602488.jpg,04ECD0EBE01147538E8457853D602488.jpg,,,,
/Users/Taylor/Dropbox/Apps/Day One/Journal.dayone/photos/05616CB0DA7C45139B87494961695334.jpg,05616CB0DA7C45139B87494961695334.jpg,"34 deg 14' 43.45"" N","93 deg 9' 10.14"" W",134.3 m Above Sea Level,2014:09:01 17:12:27Z
/Users/Taylor/Dropbox/Apps/Day One/Journal.dayone/photos/06595547B43A4651B560F894A68E5084.jpg,06595547B43A4651B560F894A68E5084.jpg,"37 deg 32' 6.91"" N","77 deg 31' 39.51"" W",60.6 m Above Sea Level,2014:07:21 17:08:03Z
/Users/Taylor/Dropbox/Apps/Day One/Journal.dayone/photos/06D02AE1CC5F47B486263E1A48477B72.jpg,06D02AE1CC5F47B486263E1A48477B72.jpg,"32 deg 45' 0.45"" N","117 deg 11' 0.99"" W",76.9 m Above Sea Level,2014:05:22 20:24:40Z
/Users/Taylor/Dropbox/Apps/Day One/Journal.dayone/photos/0710359039BC46938625D8229D591B86.jpg,0710359039BC46938625D8229D591B86.jpg,"32 deg 47' 17.16"" N","96 deg 47' 50.12"" W",143.9 m Above Sea Level,2013:09:28 22:57:42Z
/Users/Taylor/Dropbox/Apps/Day One/Journal.dayone/photos/0786987FDA13426098DEACAEA7B1F2FB.jpg,0786987FDA13426098DEACAEA7B1F2FB.jpg,"40 deg 14' 35.40"" N","111 deg 38' 31.20"" W",,
/Users/Taylor/Dropbox/Apps/Day One/Journal.dayone/photos/07A1365205AE4A1AAB6C5C3FED0DE7B9.jpg,07A1365205AE4A1AAB6C5C3FED0DE7B9.jpg,"32 deg 45' 6.36"" N","97 deg 4' 55.83"" W",168.7 m Above Sea Level,2014:06:25 00:41:31Z
/Users/Taylor/Dropbox/Apps/Day One/Journal.dayone/photos/08F3530D30BD40AA9672EB221E6905FD.jpg,08F3530D30BD40AA9672EB221E6905FD.jpg,"32 deg 48' 44.30"" N","96 deg 46' 60.00"" W",166 m Above Sea Level,2014:06:05 19:10:13Z
/Users/Taylor/Dropbox/Apps/Day One/Journal.dayone/photos/0903BCC6FF0D421E969072FBCBDA449B.jpg,0903BCC6FF0D421E969072FBCBDA449B.jpg,"32 deg 48' 19.83"" N","96 deg 47' 33.64"" W",153.5 m Above Sea Level,2014:05:28 22:42:24Z
/Users/Taylor/Dropbox/Apps/Day One/Journal.dayone/photos/095D7B34975148498B80ABC7C7CEEF69.jpg,095D7B34975148498B80ABC7C7CEEF69.jpg,,,,
/Users/Taylor/Dropbox/Apps/Day One/Journal.dayone/photos/0A1641EAB7E54398ABA6C328B8158DA2.jpg,0A1641EAB7E54398ABA6C328B8158DA2.jpg,"32 deg 51' 7.16"" N","96 deg 45' 37.60"" W",183.8 m Above Sea Level,2013:12:05 02:30:53Z
/Users/Taylor/Dropbox/Apps/Day One/Journal.dayone/photos/0A9BE8A17D9542DBBBDCF9FC94CD6B1A.jpg,0A9BE8A17D9542DBBBDCF9FC94CD6B1A.jpg,"32 deg 51' 7.12"" N","96 deg 45' 37.44"" W",181.2 m Above Sea Level,2014:04:05 16:24:34Z
/Users/Taylor/Dropbox/Apps/Day One/Journal.dayone/photos/0BEDACB6CD64460AA81A132856F35ED8.jpg,0BEDACB6CD64460AA81A132856F35ED8.jpg,"32 deg 50' 59.21"" N","96 deg 46' 7.18"" W",166.1 m Above Sea Level,2014:09:20 18:19:24Z
/Users/Taylor/Dropbox/Apps/Day One/Journal.dayone/photos/0BFD10B0D82F4BADB6C2ACD92B864DE6.jpg,0BFD10B0D82F4BADB6C2ACD92B864DE6.jpg,,,,
/Users/Taylor/Dropbox/Apps/Day One/Journal.dayone/photos/0CA01CA82D754720B1C46333B8618921.jpg,0CA01CA82D754720B1C46333B8618921.jpg,,,,
/Users/Taylor/Dropbox/Apps/Day One/Journal.dayone/photos/0E98001302F049E580FE30303EA8DB55.jpg,0E98001302F049E580FE30303EA8DB55.jpg,"32 deg 51' 7.22"" N","96 deg 45' 37.55"" W",178.4 m Above Sea Level,2014:04:12 13:20:50Z
/Users/Taylor/Dropbox/Apps/Day One/Journal.dayone/photos/0F037157D5864ED39CA6B3E5AE7D6179.jpg,0F037157D5864ED39CA6B3E5AE7D6179.jpg,,,,
/Users/Taylor/Dropbox/Apps/Day One/Journal.dayone/photos/10158010A2CA46DDA3CA4F7E9F3F5E90.jpg,10158010A2CA46DDA3CA4F7E9F3F5E90.jpg,"32 deg 44' 58.02"" N","117 deg 10' 36.14"" W",85 m Above Sea Level,2014:05:26 20:09:13Z
/Users/Taylor/Dropbox/Apps/Day One/Journal.dayone/photos/121DEF23E70B42D89B24840A1557FCB8.jpg,121DEF23E70B42D89B24840A1557FCB8.jpg,,,,
/Users/Taylor/Dropbox/Apps/Day One/Journal.dayone/photos/12AFB81F03A944E88B2B2B25A2B81300.jpg,12AFB81F03A944E88B2B2B25A2B81300.jpg,"32 deg 51' 7.38"" N","96 deg 45' 37.60"" W",182.9 m Above Sea Level,2014:05:11 22:04:33Z
/Users/Taylor/Dropbox/Apps/Day One/Journal.dayone/photos/13109FE472BD40BB8ED2DBE6FE5A7E01.jpg,13109FE472BD40BB8ED2DBE6FE5A7E01.jpg,"32 deg 49' 12.10"" N","96 deg 43' 41.39"" W",141 m Above Sea Level,2014:04:28 00:39:02Z
/Users/Taylor/Dropbox/Apps/Day One/Journal.dayone/photos/133B7D7E489044A5A6E7F334A4B7A61A.jpg,133B7D7E489044A5A6E7F334A4B7A61A.jpg,"39 deg 51' 12.42"" N","104 deg 40' 36.38"" W",1638.7 m Above Sea Level,2014:01:23 15:40:45Z
/Users/Taylor/Dropbox/Apps/Day One/Journal.dayone/photos/13BC8DB0113442A5AA0CC9FB4D9791CE.jpg,13BC8DB0113442A5AA0CC9FB4D9791CE.jpg,"32 deg 45' 6.87"" N","97 deg 4' 55.83"" W",169 m Above Sea Level,2014:06:25 00:41:13Z
/Users/Taylor/Dropbox/Apps/Day One/Journal.dayone/photos/13ED3B0D49F14029954C6C281319147A.jpg,13ED3B0D49F14029954C6C281319147A.jpg,,,,
/Users/Taylor/Dropbox/Apps/Day One/Journal.dayone/photos/1418B9FD047249808C3696886B86E955.jpg,1418B9FD047249808C3696886B86E955.jpg,"32 deg 51' 10.21"" N","96 deg 45' 36.09"" W",179.3 m Above Sea Level,2013:11:17 21:31:46Z
/Users/Taylor/Dropbox/Apps/Day One/Journal.dayone/photos/14AFC230146C44AD9D64ABED8F8E6C9B.jpg,14AFC230146C44AD9D64ABED8F8E6C9B.jpg,,,,
/Users/Taylor/Dropbox/Apps/Day One/Journal.dayone/photos/14F1933287FB4D71B85A48DDF0AACAAE.jpg,14F1933287FB4D71B85A48DDF0AACAAE.jpg,,,,
/Users/Taylor/Dropbox/Apps/Day One/Journal.dayone/photos/16FCEFED6C5C4396865975B8A365DCF0.jpg,16FCEFED6C5C4396865975B8A365DCF0.jpg,"32 deg 51' 7.51"" N","96 deg 45' 37.46"" W",181.1 m Above Sea Level,2014:03:29 22:16:15Z
/Users/Taylor/Dropbox/Apps/Day One/Journal.dayone/photos/1730B23896924C9A89FD1448C752BBBE.jpg,1730B23896924C9A89FD1448C752BBBE.jpg,,,,
/Users/Taylor/Dropbox/Apps/Day One/Journal.dayone/photos/176B22E6B1A748D39C17143457917F6F.jpg,176B22E6B1A748D39C17143457917F6F.jpg,"32 deg 50' 18.18"" N","96 deg 43' 27.47"" W",132.7 m Above Sea Level,2013:07:15 17:58:17Z
/Users/Taylor/Dropbox/Apps/Day One/Journal.dayone/photos/1929A89C5891435EAAC875EAFA2341FA.jpg,1929A89C5891435EAAC875EAFA2341FA.jpg,"34 deg 14' 43.42"" N","93 deg 9' 9.89"" W",137.2 m Above Sea Level,2014:09:01 17:14:18Z
/Users/Taylor/Dropbox/Apps/Day One/Journal.dayone/photos/1B9F75CBA387457DA2533BEEF2161ACB.jpg,1B9F75CBA387457DA2533BEEF2161ACB.jpg,"32 deg 47' 15.09"" N","96 deg 47' 51.28"" W",143.5 m Above Sea Level,2013:09:28 23:01:46Z
/Users/Taylor/Dropbox/Apps/Day One/Journal.dayone/photos/1BAA1E7ADAD746B68248100298271397.jpg,1BAA1E7ADAD746B68248100298271397.jpg,,,,
/Users/Taylor/Dropbox/Apps/Day One/Journal.dayone/photos/1C50082E3E1E48B3A6F0D2CCE8490105.jpg,1C50082E3E1E48B3A6F0D2CCE8490105.jpg,,,,
/Users/Taylor/Dropbox/Apps/Day One/Journal.dayone/photos/1C75C2E422944E9ABD52C8541C5A5104.jpg,1C75C2E422944E9ABD52C8541C5A5104.jpg,,,,
/Users/Taylor/Dropbox/Apps/Day One/Journal.dayone/photos/1CB98A30F5054D40B11460D0BD428FB3.jpg,1CB98A30F5054D40B11460D0BD428FB3.jpg,"39 deg 0' 52.60"" N","77 deg 3' 56.15"" W",89.8 m Above Sea Level,2014:05:10 16:25:03Z
/Users/Taylor/Dropbox/Apps/Day One/Journal.dayone/photos/1CC1A4692AF94936B9F1AB7004B6E355.jpg,1CC1A4692AF94936B9F1AB7004B6E355.jpg,"34 deg 15' 14.85"" N","118 deg 18' 47.83"" W",421.2 m Above Sea Level,2014:05:25 01:25:09Z
/Users/Taylor/Dropbox/Apps/Day One/Journal.dayone/photos/1D8164F34F2A4A7280946EC35B1DFF4D.jpg,1D8164F34F2A4A7280946EC35B1DFF4D.jpg,,,,
/Users/Taylor/Dropbox/Apps/Day One/Journal.dayone/photos/1D87E094879F4C9485CEE0D1212228A7.jpg,1D87E094879F4C9485CEE0D1212228A7.jpg,"32 deg 59' 54.66"" N","97 deg 5' 44.45"" W",167 m Above Sea Level,2014:05:03 12:23:34Z
/Users/Taylor/Dropbox/Apps/Day One/Journal.dayone/photos/1F573B7688F14C1B9F7AC9D28FB0E060.jpg,1F573B7688F14C1B9F7AC9D28FB0E060.jpg,"40 deg 7' 50.17"" N","111 deg 35' 52.25"" W",1432.4 m Above Sea Level,2014:06:13 00:24:23Z
/Users/Taylor/Dropbox/Apps/Day One/Journal.dayone/photos/1FBB8EFFED6349A395EA8DEE3792917C.jpg,1FBB8EFFED6349A395EA8DEE3792917C.jpg,"32 deg 47' 53.80"" N","96 deg 46' 31.93"" W",151.1 m Above Sea Level,2013:10:06 23:27:51Z
/Users/Taylor/Dropbox/Apps/Day One/Journal.dayone/photos/21A53E03B9674D4C894DD6B2BC0D8EAF.jpg,21A53E03B9674D4C894DD6B2BC0D8EAF.jpg,,,,
/Users/Taylor/Dropbox/Apps/Day One/Journal.dayone/photos/239572064FDA4F17828A3C29B78F7393.jpg,239572064FDA4F17828A3C29B78F7393.jpg,"40 deg 8' 23.35"" N","111 deg 35' 31.43"" W",1442.1 m Above Sea Level,2014:06:14 22:18:58Z
/Users/Taylor/Dropbox/Apps/Day One/Journal.dayone/photos/245DB197576D4AC4B6B095C3533C7D05.jpg,245DB197576D4AC4B6B095C3533C7D05.jpg,"32 deg 45' 55.82"" N","96 deg 47' 31.56"" W",134 m Above Sea Level,2014:07:25 16:52:17Z
/Users/Taylor/Dropbox/Apps/Day One/Journal.dayone/photos/2478B44973EF4DE6A20B33A4F7768004.jpg,2478B44973EF4DE6A20B33A4F7768004.jpg,"40 deg 8' 23.46"" N","111 deg 35' 31.40"" W",1447.4 m Above Sea Level,2014:06:14 21:33:01Z
/Users/Taylor/Dropbox/Apps/Day One/Journal.dayone/photos/249FB0C6F41648F9BDFA5828CD4D9620.jpg,249FB0C6F41648F9BDFA5828CD4D9620.jpg,"32 deg 51' 7.22"" N","96 deg 45' 37.60"" W",180.3 m Above Sea Level,2013:12:16 00:59:16Z
/Users/Taylor/Dropbox/Apps/Day One/Journal.dayone/photos/25269021ECAF48919AB809DC2AC0D375.jpg,25269021ECAF48919AB809DC2AC0D375.jpg,"33 deg 1' 10.56"" N","97 deg 3' 18.39"" W",185.3 m Above Sea Level,2013:12:08 14:57:14Z
/Users/Taylor/Dropbox/Apps/Day One/Journal.dayone/photos/259417A36F314DCBBDDA4EEA2E12865C.jpg,259417A36F314DCBBDDA4EEA2E12865C.jpg,,,,
/Users/Taylor/Dropbox/Apps/Day One/Journal.dayone/photos/262483D415C2447BA968FD6F75F1C158.jpg,262483D415C2447BA968FD6F75F1C158.jpg,"40 deg 28' 46.50"" N","111 deg 51' 13.51"" W",1851.9 m Above Sea Level,2014:02:27 03:05:30Z
/Users/Taylor/Dropbox/Apps/Day One/Journal.dayone/photos/264DCCDDEC714888B660BADC3C7055DF.jpg,264DCCDDEC714888B660BADC3C7055DF.jpg,"32 deg 43' 34.31"" N","117 deg 9' 34.64"" W",150.2 m Above Sea Level,2014:05:23 16:30:52Z
/Users/Taylor/Dropbox/Apps/Day One/Journal.dayone/photos/26529C3B74674948ACAF6EA7F7797D07.jpg,26529C3B74674948ACAF6EA7F7797D07.jpg,,,,
/Users/Taylor/Dropbox/Apps/Day One/Journal.dayone/photos/2664ECE09BFD41DCAFFF3B2B86BF0F7D.jpg,2664ECE09BFD41DCAFFF3B2B86BF0F7D.jpg,,,,
/Users/Taylor/Dropbox/Apps/Day One/Journal.dayone/photos/26F7267F74C849A898D1DF39972B0EC9.jpg,26F7267F74C849A898D1DF39972B0EC9.jpg,"32 deg 48' 4.87"" N","96 deg 49' 2.50"" W",125.4 m Above Sea Level,2014:03:27 00:47:57Z
/Users/Taylor/Dropbox/Apps/Day One/Journal.dayone/photos/271AF54693F343BEBE868690B6F33053.jpg,271AF54693F343BEBE868690B6F33053.jpg,"40 deg 29' 43.80"" N","111 deg 50' 24.00"" W",,
/Users/Taylor/Dropbox/Apps/Day One/Journal.dayone/photos/278F867A380F412AA91EF300CA0D1CAB.jpg,278F867A380F412AA91EF300CA0D1CAB.jpg,"33 deg 1' 10.63"" N","97 deg 3' 18.50"" W",184.1 m Above Sea Level,2013:10:18 01:49:07Z
/Users/Taylor/Dropbox/Apps/Day One/Journal.dayone/photos/28283BBF945C435487A4761F7864DD91.jpg,28283BBF945C435487A4761F7864DD91.jpg,"33 deg 1' 10.18"" N","97 deg 3' 18.61"" W",0 m,2013:12:23 02:13:13Z
/Users/Taylor/Dropbox/Apps/Day One/Journal.dayone/photos/2874FA980896406FAF7C1C0F52C373AE.jpg,2874FA980896406FAF7C1C0F52C373AE.jpg,"32 deg 51' 7.45"" N","96 deg 45' 37.93"" W",185.4 m Above Sea Level,2013:12:22 18:49:57Z
/Users/Taylor/Dropbox/Apps/Day One/Journal.dayone/photos/290E9C9225F74C87894F5BA8818EEFAF.jpg,290E9C9225F74C87894F5BA8818EEFAF.jpg,"32 deg 47' 11.58"" N","96 deg 47' 45.12"" W",143.8 m Above Sea Level,2013:10:11 13:09:03Z
/Users/Taylor/Dropbox/Apps/Day One/Journal.dayone/photos/29A99CB4E7B34767AF61017F35D447B0.jpg,29A99CB4E7B34767AF61017F35D447B0.jpg,"32 deg 51' 25.25"" N","96 deg 45' 34.83"" W",166.5 m Above Sea Level,2013:11:03 23:21:44Z
/Users/Taylor/Dropbox/Apps/Day One/Journal.dayone/photos/2C0E7EB39B334EF7AECD8E0ED380E122.jpg,2C0E7EB39B334EF7AECD8E0ED380E122.jpg,"40 deg 8' 23.49"" N","111 deg 35' 31.51"" W",1440.2 m Above Sea Level,2014:06:15 16:48:42Z
/Users/Taylor/Dropbox/Apps/Day One/Journal.dayone/photos/2C71FE99FAE24AD3A354089BB8106932.jpg,2C71FE99FAE24AD3A354089BB8106932.jpg,"34 deg 15' 18.39"" N","118 deg 18' 38.46"" W",439.7 m Above Sea Level,2014:05:25 20:18:22Z
/Users/Taylor/Dropbox/Apps/Day One/Journal.dayone/photos/2DA8A368F76F477280E6B0927783713E.jpg,2DA8A368F76F477280E6B0927783713E.jpg,"32 deg 50' 48.03"" N","96 deg 46' 18.72"" W",154.4 m Above Sea Level,2013:11:18 12:42:55Z
/Users/Taylor/Dropbox/Apps/Day One/Journal.dayone/photos/2DD7CA5E4D8B4281A444CD243FC16DA8.jpg,2DD7CA5E4D8B4281A444CD243FC16DA8.jpg,"30 deg 14' 58.69"" N","97 deg 45' 0.05"" W",159.2 m Above Sea Level,2014:01:25 18:35:54Z
/Users/Taylor/Dropbox/Apps/Day One/Journal.dayone/photos/2EF288E33E3848E891FA5D6D04F7CE74.jpg,2EF288E33E3848E891FA5D6D04F7CE74.jpg,"40 deg 8' 23.43"" N","111 deg 35' 31.51"" W",1429.2 m Above Sea Level,2014:02:27 01:31:09Z
/Users/Taylor/Dropbox/Apps/Day One/Journal.dayone/photos/2F08B2252C3647C58001A497231C8964.jpg,2F08B2252C3647C58001A497231C8964.jpg,,,,
/Users/Taylor/Dropbox/Apps/Day One/Journal.dayone/photos/2F096897A65C4DDFA906D59715E51280.jpg,2F096897A65C4DDFA906D59715E51280.jpg,"32 deg 51' 7.40"" N","96 deg 45' 37.88"" W",178.8 m Above Sea Level,2014:05:11 21:58:58Z
/Users/Taylor/Dropbox/Apps/Day One/Journal.dayone/photos/2F79BF698EF14470B81A895796FAE916.jpg,2F79BF698EF14470B81A895796FAE916.jpg,,,,
/Users/Taylor/Dropbox/Apps/Day One/Journal.dayone/photos/304DFF49C5F344EB8BD2FBE68BA10942.jpg,304DFF49C5F344EB8BD2FBE68BA10942.jpg,"40 deg 7' 30.37"" N","111 deg 34' 0.33"" W",1461.6 m Above Sea Level,2013:08:06 17:01:32Z
/Users/Taylor/Dropbox/Apps/Day One/Journal.dayone/photos/308E477703F845C0A76F18F72C1631E7.jpg,308E477703F845C0A76F18F72C1631E7.jpg,,,,
/Users/Taylor/Dropbox/Apps/Day One/Journal.dayone/photos/30F6B1701D554D95B63602E8032F6D13.jpg,30F6B1701D554D95B63602E8032F6D13.jpg,"32 deg 47' 12.37"" N","96 deg 47' 39.55"" W",145.5 m Above Sea Level,2013:10:09 23:09:06Z
/Users/Taylor/Dropbox/Apps/Day One/Journal.dayone/photos/31AF939C4C3F42FCA695E7A4EA305E13.jpg,31AF939C4C3F42FCA695E7A4EA305E13.jpg,"33 deg 1' 10.80"" N","97 deg 3' 18.00"" W",181.7 m Above Sea Level,2013:06:29 18:24:32Z
/Users/Taylor/Dropbox/Apps/Day One/Journal.dayone/photos/31CD490E08364080A73F8B6AC251C4CF.jpg,31CD490E08364080A73F8B6AC251C4CF.jpg,"32 deg 51' 10.62"" N","96 deg 45' 38.59"" W",180.3 m Above Sea Level,2014:07:15 23:37:09Z
/Users/Taylor/Dropbox/Apps/Day One/Journal.dayone/photos/3250D93BD7B74837B7AC6C39FA9F7247.jpg,3250D93BD7B74837B7AC6C39FA9F7247.jpg,"40 deg 14' 31.20"" N","111 deg 39' 1.20"" W",,
/Users/Taylor/Dropbox/Apps/Day One/Journal.dayone/photos/325417A9C06447198555B303BFEA8383.jpg,325417A9C06447198555B303BFEA8383.jpg,"33 deg 5' 5.52"" N","117 deg 18' 45.36"" W",0 m Above Sea Level,2013:12:24 21:52:44Z
/Users/Taylor/Dropbox/Apps/Day One/Journal.dayone/photos/334598C74E814108B44544A09F05436B.jpg,334598C74E814108B44544A09F05436B.jpg,,,,
/Users/Taylor/Dropbox/Apps/Day One/Journal.dayone/photos/3423911234F047A892611AADF240A8B4.jpg,3423911234F047A892611AADF240A8B4.jpg,"32 deg 51' 7.27"" N","96 deg 45' 37.49"" W",179.6 m Above Sea Level,2013:09:29 00:00:52Z
/Users/Taylor/Dropbox/Apps/Day One/Journal.dayone/photos/347E4246F1CD44F49506DD35BA20C355.jpg,347E4246F1CD44F49506DD35BA20C355.jpg,,,,
/Users/Taylor/Dropbox/Apps/Day One/Journal.dayone/photos/353952A463D144E4838049938C166B18.jpg,353952A463D144E4838049938C166B18.jpg,,,,
/Users/Taylor/Dropbox/Apps/Day One/Journal.dayone/photos/35F451C1793C4F84AD13643C3F1868F2.jpg,35F451C1793C4F84AD13643C3F1868F2.jpg,"32 deg 51' 8.37"" N","96 deg 45' 38.73"" W",181.5 m Above Sea Level,2014:05:10 18:49:17Z
/Users/Taylor/Dropbox/Apps/Day One/Journal.dayone/photos/36CFBC0D2C854A6F91635ACB3C30DD85.jpg,36CFBC0D2C854A6F91635ACB3C30DD85.jpg,"32 deg 51' 7.79"" N","96 deg 45' 37.90"" W",180.6 m Above Sea Level,2013:07:23 16:11:31Z
/Users/Taylor/Dropbox/Apps/Day One/Journal.dayone/photos/385B591AF96449359720F058BA1305D4.jpg,385B591AF96449359720F058BA1305D4.jpg,,,,
/Users/Taylor/Dropbox/Apps/Day One/Journal.dayone/photos/38C15E34310A48FA84511D7DE5B6620E.jpg,38C15E34310A48FA84511D7DE5B6620E.jpg,"32 deg 51' 10.50"" N","96 deg 45' 38.62"" W",179.9 m Above Sea Level,2014:07:15 23:37:54Z
/Users/Taylor/Dropbox/Apps/Day One/Journal.dayone/photos/38CECA6DD0D0485E9BFBE5E4DDA47707.jpg,38CECA6DD0D0485E9BFBE5E4DDA47707.jpg,,,,
/Users/Taylor/Dropbox/Apps/Day One/Journal.dayone/photos/39299DC3CE5D43F792DF2EFCA266BF52.jpg,39299DC3CE5D43F792DF2EFCA266BF52.jpg,,,,
/Users/Taylor/Dropbox/Apps/Day One/Journal.dayone/photos/395D394F44DB4EE1A0A8F313B362E186.jpg,395D394F44DB4EE1A0A8F313B362E186.jpg,"40 deg 7' 30.29"" N","111 deg 34' 0.11"" W",1456.5 m Above Sea Level,2013:08:07 22:25:00Z
/Users/Taylor/Dropbox/Apps/Day One/Journal.dayone/photos/3ABD06D31EA14180A45DE211FEF4C0B2.jpg,3ABD06D31EA14180A45DE211FEF4C0B2.jpg,"38 deg 38' 9.60"" N","109 deg 36' 0.60"" W",,
/Users/Taylor/Dropbox/Apps/Day One/Journal.dayone/photos/3AD588260374458095E7EC074544A38C.jpg,3AD588260374458095E7EC074544A38C.jpg,,,,
/Users/Taylor/Dropbox/Apps/Day One/Journal.dayone/photos/3AEBD834987A4DFBAFD2A6D4A51F885B.jpg,3AEBD834987A4DFBAFD2A6D4A51F885B.jpg,"32 deg 51' 7.34"" N","96 deg 45' 37.66"" W",181.3 m Above Sea Level,2014:05:11 22:06:35Z
/Users/Taylor/Dropbox/Apps/Day One/Journal.dayone/photos/3B222730A544411898AC581D54415804.jpg,3B222730A544411898AC581D54415804.jpg,"32 deg 51' 8.89"" N","96 deg 45' 38.26"" W",182.4 m Above Sea Level,2014:06:07 00:37:48Z
/Users/Taylor/Dropbox/Apps/Day One/Journal.dayone/photos/3BD39CE8D97746B08A6A3821070C515E.jpg,3BD39CE8D97746B08A6A3821070C515E.jpg,"34 deg 15' 17.47"" N","118 deg 18' 38.30"" W",443.3 m Above Sea Level,2014:05:25 00:16:15Z
/Users/Taylor/Dropbox/Apps/Day One/Journal.dayone/photos/3C13482E69C5403998C78BB992B39490.jpg,3C13482E69C5403998C78BB992B39490.jpg,"32 deg 47' 21.65"" N","96 deg 47' 4.26"" W",147.1 m Above Sea Level,2013:07:25 18:33:28Z
/Users/Taylor/Dropbox/Apps/Day One/Journal.dayone/photos/3C1F4611813E47CA8370DE62981302E1.jpg,3C1F4611813E47CA8370DE62981302E1.jpg,,,,
/Users/Taylor/Dropbox/Apps/Day One/Journal.dayone/photos/3D5EB2CEF11E4FED9741223F786EA747.jpg,3D5EB2CEF11E4FED9741223F786EA747.jpg,"38 deg 6' 46.78"" N","77 deg 49' 58.58"" W",96.8 m Above Sea Level,2014:07:22 15:30:16Z
/Users/Taylor/Dropbox/Apps/Day One/Journal.dayone/photos/3D679A3FF95B4C759C08145D6D330EB7.jpg,3D679A3FF95B4C759C08145D6D330EB7.jpg,,,,
/Users/Taylor/Dropbox/Apps/Day One/Journal.dayone/photos/3E3A6F4DCF894E5D8E9652B4FBB05CF0.jpg,3E3A6F4DCF894E5D8E9652B4FBB05CF0.jpg,"40 deg 15' 18.00"" N","111 deg 39' 8.40"" W",,
/Users/Taylor/Dropbox/Apps/Day One/Journal.dayone/photos/3E56EAF987E24E7A8DAD9C322461B69C.jpg,3E56EAF987E24E7A8DAD9C322461B69C.jpg,,,,
/Users/Taylor/Dropbox/Apps/Day One/Journal.dayone/photos/4097C2E43E6F4526A65989B1E050E473.jpg,4097C2E43E6F4526A65989B1E050E473.jpg,"32 deg 50' 45.23"" N","96 deg 46' 9.68"" W",193.4 m Above Sea Level,2013:10:11 22:33:01Z
/Users/Taylor/Dropbox/Apps/Day One/Journal.dayone/photos/42461CC183CA4AEB878C0584812F6100.jpg,42461CC183CA4AEB878C0584812F6100.jpg,,,,
/Users/Taylor/Dropbox/Apps/Day One/Journal.dayone/photos/4486AC6408F8433884408E81E23C8E3E.jpg,4486AC6408F8433884408E81E23C8E3E.jpg,"33 deg 1' 10.48"" N","97 deg 3' 18.39"" W",186 m Above Sea Level,2013:11:28 20:44:39Z
/Users/Taylor/Dropbox/Apps/Day One/Journal.dayone/photos/454889BFC87A4B5287564EEEA527FA7D.jpg,454889BFC87A4B5287564EEEA527FA7D.jpg,,,,
/Users/Taylor/Dropbox/Apps/Day One/Journal.dayone/photos/455EEC922AB746B7ADC3E1022331A482.jpg,455EEC922AB746B7ADC3E1022331A482.jpg,,,,
/Users/Taylor/Dropbox/Apps/Day One/Journal.dayone/photos/460F936C916D4D8F80013767146EAEAE.jpg,460F936C916D4D8F80013767146EAEAE.jpg,,,,
/Users/Taylor/Dropbox/Apps/Day One/Journal.dayone/photos/465F5A7CAEDA49A6B3DAE98423FFD0CF.jpg,465F5A7CAEDA49A6B3DAE98423FFD0CF.jpg,,,,
/Users/Taylor/Dropbox/Apps/Day One/Journal.dayone/photos/473AADE6E1294A67BCC89F07A3956E21.jpg,473AADE6E1294A67BCC89F07A3956E21.jpg,"32 deg 45' 0.26"" N","117 deg 11' 1.18"" W",83.8 m Above Sea Level,2014:05:23 17:56:26Z
/Users/Taylor/Dropbox/Apps/Day One/Journal.dayone/photos/47402D2FE20649029C96D8A0E2B955AE.jpg,47402D2FE20649029C96D8A0E2B955AE.jpg,"40 deg 14' 42.00"" N","111 deg 39' 13.80"" W",,
/Users/Taylor/Dropbox/Apps/Day One/Journal.dayone/photos/47EC9C5DDAFB4BD3A62486E0C7B8F06C.jpg,47EC9C5DDAFB4BD3A62486E0C7B8F06C.jpg,"32 deg 45' 0.26"" N","117 deg 11' 1.57"" W",85.8 m Above Sea Level,2013:12:23 20:46:48Z
/Users/Taylor/Dropbox/Apps/Day One/Journal.dayone/photos/482FD3F29BBC4CE082CC38420DABF8D1.jpg,482FD3F29BBC4CE082CC38420DABF8D1.jpg,,,,
/Users/Taylor/Dropbox/Apps/Day One/Journal.dayone/photos/48D51227EF194AE08894C4FD03796FA3.jpg,48D51227EF194AE08894C4FD03796FA3.jpg,"32 deg 51' 7.37"" N","96 deg 45' 37.82"" W",180.6 m Above Sea Level,2013:12:01 17:54:58Z
/Users/Taylor/Dropbox/Apps/Day One/Journal.dayone/photos/4A057CB2AEAD4FBF870DA5F295980140.jpg,4A057CB2AEAD4FBF870DA5F295980140.jpg,,,,
/Users/Taylor/Dropbox/Apps/Day One/Journal.dayone/photos/4AD7C72F4E0D4630BA618A2A41F4BEC6.jpg,4AD7C72F4E0D4630BA618A2A41F4BEC6.jpg,,,,
/Users/Taylor/Dropbox/Apps/Day One/Journal.dayone/photos/4B5C2230034B440CBCCFF2079EF8A361.jpg,4B5C2230034B440CBCCFF2079EF8A361.jpg,"34 deg 15' 28.78"" N","93 deg 12' 10.92"" W",137.8 m Above Sea Level,2014:09:01 15:43:07Z
/Users/Taylor/Dropbox/Apps/Day One/Journal.dayone/photos/4B69EB65444B48AC840A754C1BEE8943.jpg,4B69EB65444B48AC840A754C1BEE8943.jpg,"32 deg 47' 22.23"" N","96 deg 47' 2.77"" W",144.6 m Above Sea Level,2013:11:21 14:52:15Z
/Users/Taylor/Dropbox/Apps/Day One/Journal.dayone/photos/4BA59891EFAF42F0ACBEB3504DC957B4.jpg,4BA59891EFAF42F0ACBEB3504DC957B4.jpg,"32 deg 51' 7.14"" N","96 deg 45' 37.55"" W",180.5 m Above Sea Level,2014:03:12 19:34:03Z
/Users/Taylor/Dropbox/Apps/Day One/Journal.dayone/photos/4EA55D6A43124179830CF98A14B99C81.jpg,4EA55D6A43124179830CF98A14B99C81.jpg,"37 deg 15' 41.40"" N","112 deg 57' 5.40"" W",,
/Users/Taylor/Dropbox/Apps/Day One/Journal.dayone/photos/4FCAFC08ED7844A78F33BD89AFC4BD97.jpg,4FCAFC08ED7844A78F33BD89AFC4BD97.jpg,"40 deg 7' 30.26"" N","111 deg 33' 59.31"" W",1464.1 m Above Sea Level,2013:08:05 17:52:50Z
/Users/Taylor/Dropbox/Apps/Day One/Journal.dayone/photos/512BFE2255D34578B605E8D82952FB9E.jpg,512BFE2255D34578B605E8D82952FB9E.jpg,"32 deg 51' 7.15"" N","96 deg 45' 37.63"" W",181.7 m Above Sea Level,2014:04:19 16:47:53Z
/Users/Taylor/Dropbox/Apps/Day One/Journal.dayone/photos/512E9BFAE09040AF96D0837B90CDF529.jpg,512E9BFAE09040AF96D0837B90CDF529.jpg,"32 deg 51' 7.34"" N","96 deg 45' 37.66"" W",181.2 m Above Sea Level,2014:05:11 22:06:36Z
/Users/Taylor/Dropbox/Apps/Day One/Journal.dayone/photos/527EA1CC9A9C4BCBA4F84B2790CB50BB.jpg,527EA1CC9A9C4BCBA4F84B2790CB50BB.jpg,"32 deg 53' 5.16"" N","96 deg 45' 37.02"" W",178 m Above Sea Level,2013:11:25 19:52:31Z
/Users/Taylor/Dropbox/Apps/Day One/Journal.dayone/photos/52A63B605E2940E9A992241420930914.jpg,52A63B605E2940E9A992241420930914.jpg,"32 deg 51' 10.42"" N","96 deg 45' 38.67"" W",179.8 m Above Sea Level,2014:09:08 00:18:29Z
/Users/Taylor/Dropbox/Apps/Day One/Journal.dayone/photos/52F1A76BD3A544758EC52802DBC81B0B.jpg,52F1A76BD3A544758EC52802DBC81B0B.jpg,"45 deg 35' 22.16"" N","122 deg 35' 52.61"" W",32.3 m Above Sea Level,2014:07:04 20:09:28Z
/Users/Taylor/Dropbox/Apps/Day One/Journal.dayone/photos/52F48B7172F043E5A9445CD4480C3AFB.jpg,52F48B7172F043E5A9445CD4480C3AFB.jpg,,,,
/Users/Taylor/Dropbox/Apps/Day One/Journal.dayone/photos/53057D29C7AD4C2190D2ACD4F17A8F55.jpg,53057D29C7AD4C2190D2ACD4F17A8F55.jpg,"32 deg 51' 7.42"" N","96 deg 45' 37.79"" W",177.9 m Above Sea Level,2014:05:11 19:15:12Z
/Users/Taylor/Dropbox/Apps/Day One/Journal.dayone/photos/53647C913A0B45CBBF556BE91BE2DE59.jpg,53647C913A0B45CBBF556BE91BE2DE59.jpg,"40 deg 3' 4.47"" N","111 deg 40' 34.08"" W",1394.3 m Above Sea Level,2014:06:14 17:37:36Z
/Users/Taylor/Dropbox/Apps/Day One/Journal.dayone/photos/53C57F97C6A14B10BC79B90DBC425941.jpg,53C57F97C6A14B10BC79B90DBC425941.jpg,"32 deg 53' 17.43"" N","97 deg 2' 2.77"" W",171.7 m Above Sea Level,2014:06:13 18:26:13Z
/Users/Taylor/Dropbox/Apps/Day One/Journal.dayone/photos/55E193B5BF754BE98995927CD32489DB.jpg,55E193B5BF754BE98995927CD32489DB.jpg,"32 deg 47' 10.15"" N","96 deg 47' 56.72"" W",147.4 m Above Sea Level,2014:07:24 17:26:14Z
/Users/Taylor/Dropbox/Apps/Day One/Journal.dayone/photos/563E394DEA884501B10514F2EAD7590F.jpg,563E394DEA884501B10514F2EAD7590F.jpg,"32 deg 59' 57.80"" N","97 deg 5' 50.02"" W",166.3 m Above Sea Level,2014:05:03 11:53:50Z
/Users/Taylor/Dropbox/Apps/Day One/Journal.dayone/photos/5683E4970B944C7BAD6115C439688EA1.jpg,5683E4970B944C7BAD6115C439688EA1.jpg,"34 deg 15' 17.92"" N","118 deg 18' 38.77"" W",441.3 m Above Sea Level,2014:05:24 23:20:35Z
/Users/Taylor/Dropbox/Apps/Day One/Journal.dayone/photos/569612B48F9046D3A2E81C7F5D22D59E.jpg,569612B48F9046D3A2E81C7F5D22D59E.jpg,"40 deg 3' 3.77"" N","111 deg 40' 34.98"" W",1394 m Above Sea Level,2014:06:14 18:22:46Z
/Users/Taylor/Dropbox/Apps/Day One/Journal.dayone/photos/5747A33BAB3B4C6A8CFBB1462BD4F837.jpg,5747A33BAB3B4C6A8CFBB1462BD4F837.jpg,"32 deg 51' 7.36"" N","96 deg 45' 37.66"" W",183 m Above Sea Level,2014:05:11 22:07:17Z
/Users/Taylor/Dropbox/Apps/Day One/Journal.dayone/photos/574EDCE0E97547A9A8D4E3B3D4F97766.jpg,574EDCE0E97547A9A8D4E3B3D4F97766.jpg,"32 deg 39' 12.54"" N","116 deg 48' 36.21"" W",1839.7 m Above Sea Level,2014:05:23 16:24:32Z
/Users/Taylor/Dropbox/Apps/Day One/Journal.dayone/photos/5A8C7A55142D4CED93804A5AE1569086.jpg,5A8C7A55142D4CED93804A5AE1569086.jpg,"32 deg 51' 7.85"" N","96 deg 45' 37.33"" W",179.7 m Above Sea Level,2014:05:17 17:11:49Z
/Users/Taylor/Dropbox/Apps/Day One/Journal.dayone/photos/5CDAD11A94194DA2994E2727A35CD3D6.jpg,5CDAD11A94194DA2994E2727A35CD3D6.jpg,"40 deg 2' 59.20"" N","111 deg 40' 28.42"" W",1398.9 m Above Sea Level,2014:06:14 17:49:00Z
/Users/Taylor/Dropbox/Apps/Day One/Journal.dayone/photos/5D64C6F8EAB943979EC25BFD1836B9BE.jpg,5D64C6F8EAB943979EC25BFD1836B9BE.jpg,"38 deg 6' 28.01"" N","77 deg 49' 38.86"" W",115.8 m Above Sea Level,2014:07:22 14:59:58Z
/Users/Taylor/Dropbox/Apps/Day One/Journal.dayone/photos/5D788BAD095441E58B4C910EEDBF8FF3.jpg,5D788BAD095441E58B4C910EEDBF8FF3.jpg,"34 deg 15' 35.88"" N","93 deg 11' 23.93"" W",136.3 m Above Sea Level,2014:08:31 18:32:26Z
/Users/Taylor/Dropbox/Apps/Day One/Journal.dayone/photos/6155E31CEB1D4E93B051F7C356DD71DB.jpg,6155E31CEB1D4E93B051F7C356DD71DB.jpg,"32 deg 51' 7.52"" N","96 deg 45' 37.74"" W",179.7 m Above Sea Level,2014:04:16 12:17:55Z
/Users/Taylor/Dropbox/Apps/Day One/Journal.dayone/photos/616B214882C34019A0928B9B105C1081.jpg,616B214882C34019A0928B9B105C1081.jpg,"40 deg 8' 23.40"" N","111 deg 35' 30.60"" W",,
/Users/Taylor/Dropbox/Apps/Day One/Journal.dayone/photos/617CEF56ED7046778023968302E70A92.jpg,617CEF56ED7046778023968302E70A92.jpg,"32 deg 51' 10.49"" N","96 deg 45' 38.89"" W",183 m Above Sea Level,2014:06:28 21:30:30Z
/Users/Taylor/Dropbox/Apps/Day One/Journal.dayone/photos/623F715B9B944402900007CA1721706A.jpg,623F715B9B944402900007CA1721706A.jpg,"32 deg 51' 7.49"" N","96 deg 45' 37.71"" W",180.6 m Above Sea Level,2013:10:31 03:02:30Z
/Users/Taylor/Dropbox/Apps/Day One/Journal.dayone/photos/646AD74FD15D4FC79437C2E62CC0ACF1.jpg,646AD74FD15D4FC79437C2E62CC0ACF1.jpg,"32 deg 59' 57.82"" N","97 deg 5' 50.00"" W",163.7 m Above Sea Level,2014:05:03 12:36:26Z
/Users/Taylor/Dropbox/Apps/Day One/Journal.dayone/photos/64CB9E4B83544E99BB2F2809D02B8F03.jpg,64CB9E4B83544E99BB2F2809D02B8F03.jpg,"37 deg 10' 37.20"" N","3 deg 35' 13.20"" W",,
/Users/Taylor/Dropbox/Apps/Day One/Journal.dayone/photos/653619A46FCF4FB182ADCF7C40C1B7BA.jpg,653619A46FCF4FB182ADCF7C40C1B7BA.jpg,,,,
/Users/Taylor/Dropbox/Apps/Day One/Journal.dayone/photos/656548337C67402898F32E8F1D2D7FD6.jpg,656548337C67402898F32E8F1D2D7FD6.jpg,"32 deg 45' 5.27"" N","117 deg 15' 11.48"" W",0 m Above Sea Level,2014:05:23 21:22:01Z
/Users/Taylor/Dropbox/Apps/Day One/Journal.dayone/photos/65B658376FC049DEA9EE6E7F4A974F01.jpg,65B658376FC049DEA9EE6E7F4A974F01.jpg,,,,
/Users/Taylor/Dropbox/Apps/Day One/Journal.dayone/photos/65E4DD266AC04E1EA04B241959FF59DE.jpg,65E4DD266AC04E1EA04B241959FF59DE.jpg,,,,
/Users/Taylor/Dropbox/Apps/Day One/Journal.dayone/photos/665432B69E2E400B99BCDDCF73755566.jpg,665432B69E2E400B99BCDDCF73755566.jpg,"32 deg 47' 12.11"" N","96 deg 47' 46.74"" W",143.9 m Above Sea Level,2013:10:11 13:09:30Z
/Users/Taylor/Dropbox/Apps/Day One/Journal.dayone/photos/671BFDF2BF364A4DA1F793E5EF523598.jpg,671BFDF2BF364A4DA1F793E5EF523598.jpg,"38 deg 39' 38.64"" N","77 deg 24' 16.35"" W",140.2 m Above Sea Level,2014:05:08 21:57:52Z
/Users/Taylor/Dropbox/Apps/Day One/Journal.dayone/photos/67C79F200F6D4D63969013425751A6EA.jpg,67C79F200F6D4D63969013425751A6EA.jpg,,,,
/Users/Taylor/Dropbox/Apps/Day One/Journal.dayone/photos/682038DC93B5415EBD85B5B0BA8AC55B.jpg,682038DC93B5415EBD85B5B0BA8AC55B.jpg,"32 deg 51' 10.54"" N","96 deg 45' 38.86"" W",179.6 m Above Sea Level,2014:08:03 21:37:38Z
/Users/Taylor/Dropbox/Apps/Day One/Journal.dayone/photos/68F7AE27A47E4FBAA6456C4B74ADD04C.jpg,68F7AE27A47E4FBAA6456C4B74ADD04C.jpg,,,,
/Users/Taylor/Dropbox/Apps/Day One/Journal.dayone/photos/693096FB2F514AF3A6A8F1F3FCA138BE.jpg,693096FB2F514AF3A6A8F1F3FCA138BE.jpg,"40 deg 15' 48.60"" N","111 deg 38' 25.20"" W",,
/Users/Taylor/Dropbox/Apps/Day One/Journal.dayone/photos/69D27D47AB5D43918F84ABF80E894736.jpg,69D27D47AB5D43918F84ABF80E894736.jpg,"32 deg 51' 7.42"" N","96 deg 45' 37.90"" W",178.4 m Above Sea Level,2013:12:15 22:51:49Z
/Users/Taylor/Dropbox/Apps/Day One/Journal.dayone/photos/6A70E141E3E6496A88FA78B5E9061200.jpg,6A70E141E3E6496A88FA78B5E9061200.jpg,,,,
/Users/Taylor/Dropbox/Apps/Day One/Journal.dayone/photos/6AC1CDD9F631422C91BC30295AFADC41.jpg,6AC1CDD9F631422C91BC30295AFADC41.jpg,,,,
/Users/Taylor/Dropbox/Apps/Day One/Journal.dayone/photos/6ACAE25370674E40937209151FE1CC35.jpg,6ACAE25370674E40937209151FE1CC35.jpg,"32 deg 47' 13.57"" N","96 deg 47' 51.11"" W",144.7 m Above Sea Level,2013:09:06 13:22:15Z
/Users/Taylor/Dropbox/Apps/Day One/Journal.dayone/photos/6B40D1F135CC4E07816B1026E6042BAE.jpg,6B40D1F135CC4E07816B1026E6042BAE.jpg,"32 deg 51' 7.20"" N","96 deg 45' 37.79"" W",180.7 m Above Sea Level,2013:12:06 14:30:02Z
/Users/Taylor/Dropbox/Apps/Day One/Journal.dayone/photos/6BD380E084194BEA84E1891F8645E856.jpg,6BD380E084194BEA84E1891F8645E856.jpg,"34 deg 14' 43.41"" N","93 deg 9' 9.95"" W",134.8 m Above Sea Level,2014:09:01 17:13:50Z
/Users/Taylor/Dropbox/Apps/Day One/Journal.dayone/photos/6C51EDB147C243E090B42D43A2F3CAEC.jpg,6C51EDB147C243E090B42D43A2F3CAEC.jpg,"32 deg 47' 10.81"" N","96 deg 48' 31.73"" W",131.9 m Above Sea Level,2014:08:19 17:58:34Z
/Users/Taylor/Dropbox/Apps/Day One/Journal.dayone/photos/6EAA82FCED054C6AB2C30D5AF3D90E85.jpg,6EAA82FCED054C6AB2C30D5AF3D90E85.jpg,"32 deg 45' 5.97"" N","97 deg 4' 56.00"" W",167.8 m Above Sea Level,2014:06:25 00:42:05Z
/Users/Taylor/Dropbox/Apps/Day One/Journal.dayone/photos/6ED315925E764BDAA5F1A943D5CCB2E3.jpg,6ED315925E764BDAA5F1A943D5CCB2E3.jpg,"32 deg 47' 17.63"" N","96 deg 47' 50.34"" W",143.6 m Above Sea Level,2013:09:04 13:15:42Z
/Users/Taylor/Dropbox/Apps/Day One/Journal.dayone/photos/70110113E926481E9AE597A9C535C9F5.jpg,70110113E926481E9AE597A9C535C9F5.jpg,"40 deg 8' 23.28"" N","111 deg 35' 31.59"" W",1446.8 m Above Sea Level,2014:06:14 13:47:52Z
/Users/Taylor/Dropbox/Apps/Day One/Journal.dayone/photos/71657821352A4F5FA83C3E9D6D8CD935.jpg,71657821352A4F5FA83C3E9D6D8CD935.jpg,"32 deg 51' 7.53"" N","96 deg 45' 37.44"" W",180.2 m Above Sea Level,2013:12:15 19:27:43Z
/Users/Taylor/Dropbox/Apps/Day One/Journal.dayone/photos/71B28D93E76A4C1489B0E60F2B694108.jpg,71B28D93E76A4C1489B0E60F2B694108.jpg,"32 deg 51' 7.22"" N","96 deg 45' 37.90"" W",0 m,2013:12:06 14:36:27Z
/Users/Taylor/Dropbox/Apps/Day One/Journal.dayone/photos/72611170A7934BABBA42632E5DCDDE2A.jpg,72611170A7934BABBA42632E5DCDDE2A.jpg,"37 deg 12' 26.40"" N","112 deg 59' 10.80"" W",,
/Users/Taylor/Dropbox/Apps/Day One/Journal.dayone/photos/7289E9BBA54C463BBFAD56FC24876ECD.jpg,7289E9BBA54C463BBFAD56FC24876ECD.jpg,"32 deg 51' 7.19"" N","96 deg 45' 37.79"" W",180.3 m Above Sea Level,2014:05:11 21:03:58Z
/Users/Taylor/Dropbox/Apps/Day One/Journal.dayone/photos/72B16B4B79BC4CCDB604FEF9F63F8881.jpg,72B16B4B79BC4CCDB604FEF9F63F8881.jpg,"45 deg 39' 51.63"" N","122 deg 25' 43.22"" W",108.9 m Above Sea Level,2014:07:05 03:24:52Z
/Users/Taylor/Dropbox/Apps/Day One/Journal.dayone/photos/740410E296DE448EB2960457EE8024E3.jpg,740410E296DE448EB2960457EE8024E3.jpg,"32 deg 51' 3.44"" N","96 deg 45' 49.16"" W",178.8 m Above Sea Level,2014:03:24 12:50:36Z
/Users/Taylor/Dropbox/Apps/Day One/Journal.dayone/photos/7413D0E3E20F4CDFBAB62CC477F3F2F4.jpg,7413D0E3E20F4CDFBAB62CC477F3F2F4.jpg,"32 deg 51' 7.51"" N","96 deg 45' 37.68"" W",176.4 m Above Sea Level,2014:05:11 19:12:19Z
/Users/Taylor/Dropbox/Apps/Day One/Journal.dayone/photos/74A61600A8074A36AE8BC585EB6594F2.jpg,74A61600A8074A36AE8BC585EB6594F2.jpg,"36 deg 56' 49.80"" N","111 deg 29' 12.00"" W",,
/Users/Taylor/Dropbox/Apps/Day One/Journal.dayone/photos/74B9E7CECCDC4FFABFF7C9C4DDB32FB2.jpg,74B9E7CECCDC4FFABFF7C9C4DDB32FB2.jpg,"32 deg 47' 12.32"" N","96 deg 47' 46.47"" W",185.7 m Above Sea Level,2013:10:10 13:15:59Z
/Users/Taylor/Dropbox/Apps/Day One/Journal.dayone/photos/7664ED6C6A1C40BF9DDB40B593EC3CF7.jpg,7664ED6C6A1C40BF9DDB40B593EC3CF7.jpg,"32 deg 51' 7.36"" N","96 deg 45' 37.66"" W",182.5 m Above Sea Level,2014:05:11 22:07:22Z
/Users/Taylor/Dropbox/Apps/Day One/Journal.dayone/photos/76AA3EC91665462E8835D76F91DBEE21.jpg,76AA3EC91665462E8835D76F91DBEE21.jpg,"32 deg 45' 0.36"" N","117 deg 11' 0.72"" W",85.9 m Above Sea Level,2013:12:24 03:30:57Z
/Users/Taylor/Dropbox/Apps/Day One/Journal.dayone/photos/777746A7F812479DB8D06F55E1D10C15.jpg,777746A7F812479DB8D06F55E1D10C15.jpg,"34 deg 14' 45.77"" N","93 deg 8' 53.66"" W",132 m Above Sea Level,2014:09:01 16:42:07Z
/Users/Taylor/Dropbox/Apps/Day One/Journal.dayone/photos/77CE69628D6846BCA42114268BF38E32.jpg,77CE69628D6846BCA42114268BF38E32.jpg,,,,
/Users/Taylor/Dropbox/Apps/Day One/Journal.dayone/photos/78ED6949C9504565BAE35A929FFB8E91.jpg,78ED6949C9504565BAE35A929FFB8E91.jpg,"32 deg 51' 8.14"" N","96 deg 45' 37.99"" W",180.2 m Above Sea Level,2014:06:02 15:19:50Z
/Users/Taylor/Dropbox/Apps/Day One/Journal.dayone/photos/79076C51940C4E34AB657F9FBE7034D9.jpg,79076C51940C4E34AB657F9FBE7034D9.jpg,,,,
/Users/Taylor/Dropbox/Apps/Day One/Journal.dayone/photos/79A8B60537CD41FFB0B3FBB7A4853AFB.jpg,79A8B60537CD41FFB0B3FBB7A4853AFB.jpg,,,,
/Users/Taylor/Dropbox/Apps/Day One/Journal.dayone/photos/7AC2FBFA148641109392226A7449648E.jpg,7AC2FBFA148641109392226A7449648E.jpg,"32 deg 51' 7.20"" N","96 deg 45' 37.20"" W",190.5 m Above Sea Level,2013:07:02 12:59:21Z
/Users/Taylor/Dropbox/Apps/Day One/Journal.dayone/photos/7AE7F68BA50649F382FE875CC4B2B532.jpg,7AE7F68BA50649F382FE875CC4B2B532.jpg,"32 deg 51' 7.42"" N","96 deg 45' 37.82"" W",180.4 m Above Sea Level,2013:07:21 05:06:46Z
/Users/Taylor/Dropbox/Apps/Day One/Journal.dayone/photos/7B85661407A14C28BD14F0F5ACDFF594.jpg,7B85661407A14C28BD14F0F5ACDFF594.jpg,"32 deg 51' 6.85"" N","96 deg 45' 37.27"" W",180.3 m Above Sea Level,2014:05:14 12:20:33Z
/Users/Taylor/Dropbox/Apps/Day One/Journal.dayone/photos/7C180C7EB1D241D2BB10F78327805110.jpg,7C180C7EB1D241D2BB10F78327805110.jpg,,,,
/Users/Taylor/Dropbox/Apps/Day One/Journal.dayone/photos/7D4E3701D9D74DCDACD179A8EEBC2961.jpg,7D4E3701D9D74DCDACD179A8EEBC2961.jpg,"32 deg 44' 58.17"" N","117 deg 10' 36.19"" W",86.4 m Above Sea Level,2014:05:26 20:10:23Z
/Users/Taylor/Dropbox/Apps/Day One/Journal.dayone/photos/7D58B296C126416A94401BF17BADD358.jpg,7D58B296C126416A94401BF17BADD358.jpg,"32 deg 51' 7.31"" N","96 deg 45' 37.71"" W",0 m,2014:06:01 14:37:47Z
/Users/Taylor/Dropbox/Apps/Day One/Journal.dayone/photos/7EC293BE6D3F477CBA713A2511958425.jpg,7EC293BE6D3F477CBA713A2511958425.jpg,"32 deg 47' 12.41"" N","96 deg 47' 41.06"" W",144.3 m Above Sea Level,2014:05:28 22:36:26Z
/Users/Taylor/Dropbox/Apps/Day One/Journal.dayone/photos/810782E55FFC4F629364904BC2B172EF.jpg,810782E55FFC4F629364904BC2B172EF.jpg,"40 deg 15' 3.00"" N","111 deg 39' 12.60"" W",,
/Users/Taylor/Dropbox/Apps/Day One/Journal.dayone/photos/81BC0587EB6F4C8F8230FADADE1C0F36.jpg,81BC0587EB6F4C8F8230FADADE1C0F36.jpg,"32 deg 47' 5.19"" N","96 deg 48' 8.61"" W",132.2 m Above Sea Level,2013:09:26 01:09:28Z
/Users/Taylor/Dropbox/Apps/Day One/Journal.dayone/photos/82385893210E4DDF8F35C0E29E345E5F.jpg,82385893210E4DDF8F35C0E29E345E5F.jpg,"32 deg 48' 29.78"" N","96 deg 46' 34.24"" W",162.3 m Above Sea Level,2014:03:16 16:51:59Z
/Users/Taylor/Dropbox/Apps/Day One/Journal.dayone/photos/83B51A26AA9849778CD2D936580CB5FD.jpg,83B51A26AA9849778CD2D936580CB5FD.jpg,"32 deg 51' 7.36"" N","96 deg 45' 37.74"" W",179.8 m Above Sea Level,2013:08:10 02:36:23Z
/Users/Taylor/Dropbox/Apps/Day One/Journal.dayone/photos/840CD4B5485E4A8E995AC1D7AF92B21B.jpg,840CD4B5485E4A8E995AC1D7AF92B21B.jpg,,,,
/Users/Taylor/Dropbox/Apps/Day One/Journal.dayone/photos/84264E60459C4FA3ACCE786FFAACDBB9.jpg,84264E60459C4FA3ACCE786FFAACDBB9.jpg,"32 deg 48' 18.18"" N","96 deg 47' 47.13"" W",150.6 m Above Sea Level,2013:12:07 20:32:30Z
/Users/Taylor/Dropbox/Apps/Day One/Journal.dayone/photos/849C3E82C9B04394B7AE39B7300F73BD.jpg,849C3E82C9B04394B7AE39B7300F73BD.jpg,,,,
/Users/Taylor/Dropbox/Apps/Day One/Journal.dayone/photos/85AAB48998B646EE8DCF05E616D111F9.jpg,85AAB48998B646EE8DCF05E616D111F9.jpg,"32 deg 51' 7.05"" N","96 deg 45' 37.71"" W",180.7 m Above Sea Level,2014:05:14 12:20:37Z
/Users/Taylor/Dropbox/Apps/Day One/Journal.dayone/photos/8639E196741C4E00B8563531ADACB04B.jpg,8639E196741C4E00B8563531ADACB04B.jpg,"32 deg 47' 14.56"" N","96 deg 47' 49.77"" W",143.3 m Above Sea Level,2014:01:10 23:19:24Z
/Users/Taylor/Dropbox/Apps/Day One/Journal.dayone/photos/877D1A92C4554828AC670D3ACB6E0EF7.jpg,877D1A92C4554828AC670D3ACB6E0EF7.jpg,"32 deg 51' 7.26"" N","96 deg 45' 37.63"" W",184.7 m Above Sea Level,2013:11:24 17:29:01Z
/Users/Taylor/Dropbox/Apps/Day One/Journal.dayone/photos/87841DBD73CA48538F95EC3CFE1D07F8.jpg,87841DBD73CA48538F95EC3CFE1D07F8.jpg,"32 deg 45' 0.07"" N","117 deg 11' 1.35"" W",84.6 m Above Sea Level,2014:05:22 00:43:13Z
/Users/Taylor/Dropbox/Apps/Day One/Journal.dayone/photos/882750B6DA9744769DC1372E42654E1F.jpg,882750B6DA9744769DC1372E42654E1F.jpg,"32 deg 51' 10.42"" N","96 deg 45' 38.81"" W",181.3 m Above Sea Level,2014:07:13 23:30:30Z
/Users/Taylor/Dropbox/Apps/Day One/Journal.dayone/photos/8848E39DC73E4FF5A72CEDD301FEB338.jpg,8848E39DC73E4FF5A72CEDD301FEB338.jpg,"32 deg 44' 58.60"" N","117 deg 10' 38.11"" W",86 m Above Sea Level,2014:05:26 19:44:01Z
/Users/Taylor/Dropbox/Apps/Day One/Journal.dayone/photos/88E6D77515E14683A3D0B56405C371B6.jpg,88E6D77515E14683A3D0B56405C371B6.jpg,"34 deg 15' 28.80"" N","93 deg 12' 10.81"" W",136.9 m Above Sea Level,2014:09:01 15:43:59Z
/Users/Taylor/Dropbox/Apps/Day One/Journal.dayone/photos/8962BDA461E144C1B34CB179EC90BE55.jpg,8962BDA461E144C1B34CB179EC90BE55.jpg,"32 deg 51' 24.86"" N","96 deg 45' 34.74"" W",163.2 m Above Sea Level,2013:11:03 23:27:59Z
/Users/Taylor/Dropbox/Apps/Day One/Journal.dayone/photos/8A27075FD44A4D9C98A89FCD46BD7C0E.jpg,8A27075FD44A4D9C98A89FCD46BD7C0E.jpg,"32 deg 48' 1.26"" N","96 deg 49' 24.91"" W",122.4 m Above Sea Level,2014:03:27 23:31:42Z
/Users/Taylor/Dropbox/Apps/Day One/Journal.dayone/photos/8A5B7746D5DC43BB8506CF89033B5305.jpg,8A5B7746D5DC43BB8506CF89033B5305.jpg,"32 deg 51' 7.49"" N","96 deg 45' 37.57"" W",183.1 m Above Sea Level,2013:09:02 01:41:56Z
/Users/Taylor/Dropbox/Apps/Day One/Journal.dayone/photos/8AA0E11AAC4949ACA3F8BFF016B856F0.jpg,8AA0E11AAC4949ACA3F8BFF016B856F0.jpg,"32 deg 47' 22.52"" N","96 deg 47' 3.29"" W",148.2 m Above Sea Level,2013:07:25 17:54:10Z
/Users/Taylor/Dropbox/Apps/Day One/Journal.dayone/photos/8AA0F1ADE20F4DA2A4AA29919230703C.jpg,8AA0F1ADE20F4DA2A4AA29919230703C.jpg,,,,
/Users/Taylor/Dropbox/Apps/Day One/Journal.dayone/photos/8C61CCA6663C4DAF985F159A3A8560D5.jpg,8C61CCA6663C4DAF985F159A3A8560D5.jpg,"32 deg 51' 10.34"" N","96 deg 45' 38.97"" W",180.2 m Above Sea Level,2014:06:22 22:46:23Z
/Users/Taylor/Dropbox/Apps/Day One/Journal.dayone/photos/8CB016E27AA244EF9A5C91009EFFF460.jpg,8CB016E27AA244EF9A5C91009EFFF460.jpg,"32 deg 51' 23.30"" N","96 deg 44' 51.07"" W",164.2 m Above Sea Level,2014:04:04 00:07:07Z
/Users/Taylor/Dropbox/Apps/Day One/Journal.dayone/photos/8E0D38DA398F4FE88BC5A918A65F5E27.jpg,8E0D38DA398F4FE88BC5A918A65F5E27.jpg,"40 deg 14' 22.80"" N","111 deg 42' 20.40"" W",,
/Users/Taylor/Dropbox/Apps/Day One/Journal.dayone/photos/9219C4D191624B84805F655710555825.jpg,9219C4D191624B84805F655710555825.jpg,"40 deg 8' 22.80"" N","111 deg 35' 31.80"" W",,
/Users/Taylor/Dropbox/Apps/Day One/Journal.dayone/photos/9263EBB8C2C84DE89E2B721C6BEF9B90.jpg,9263EBB8C2C84DE89E2B721C6BEF9B90.jpg,"32 deg 43' 53.08"" N","117 deg 12' 8.97"" W",3.3 m Above Sea Level,2014:05:23 16:43:43Z
/Users/Taylor/Dropbox/Apps/Day One/Journal.dayone/photos/928B6531C79F41A4BA709A684ADE8497.jpg,928B6531C79F41A4BA709A684ADE8497.jpg,,,,
/Users/Taylor/Dropbox/Apps/Day One/Journal.dayone/photos/928D5A9439E64875A5A32C962D94BA92.jpg,928D5A9439E64875A5A32C962D94BA92.jpg,"34 deg 13' 47.78"" N","118 deg 21' 46.38"" W",265.9 m Above Sea Level,2014:05:20 21:38:46Z
/Users/Taylor/Dropbox/Apps/Day One/Journal.dayone/photos/939BB83E9FAC4B6F8A57E4CFEE235ABF.jpg,939BB83E9FAC4B6F8A57E4CFEE235ABF.jpg,"32 deg 49' 31.91"" N","96 deg 43' 51.47"" W",137 m Above Sea Level,2014:04:30 23:34:28Z
/Users/Taylor/Dropbox/Apps/Day One/Journal.dayone/photos/94F3A169F63F4988A018801510FB8DFB.jpg,94F3A169F63F4988A018801510FB8DFB.jpg,,,,
/Users/Taylor/Dropbox/Apps/Day One/Journal.dayone/photos/9791746750F74701B1375AC1ED6E1A27.jpg,9791746750F74701B1375AC1ED6E1A27.jpg,,,,
/Users/Taylor/Dropbox/Apps/Day One/Journal.dayone/photos/97E0C5DD701447A6B09914742546699E.jpg,97E0C5DD701447A6B09914742546699E.jpg,,,,
/Users/Taylor/Dropbox/Apps/Day One/Journal.dayone/photos/982835E07FB84B779206F86C42C4CECD.jpg,982835E07FB84B779206F86C42C4CECD.jpg,"32 deg 54' 36.64"" N","97 deg 1' 20.12"" W",174.1 m Above Sea Level,2014:05:07 18:05:45Z
/Users/Taylor/Dropbox/Apps/Day One/Journal.dayone/photos/98385969F63C4C9CB8853FF253D55BA5.jpg,98385969F63C4C9CB8853FF253D55BA5.jpg,,,,
/Users/Taylor/Dropbox/Apps/Day One/Journal.dayone/photos/9B5F67AEBCF24E68B778414E0804582B.jpg,9B5F67AEBCF24E68B778414E0804582B.jpg,"40 deg 15' 1.80"" N","111 deg 39' 4.20"" W",,
/Users/Taylor/Dropbox/Apps/Day One/Journal.dayone/photos/9BAB52A767C6466FB5BAF4D570C5DB74.jpg,9BAB52A767C6466FB5BAF4D570C5DB74.jpg,"32 deg 51' 7.41"" N","96 deg 45' 37.82"" W",179.2 m Above Sea Level,2014:05:11 19:20:27Z
/Users/Taylor/Dropbox/Apps/Day One/Journal.dayone/photos/9BC24FCB3E374AD0BE762C715E8391C7.jpg,9BC24FCB3E374AD0BE762C715E8391C7.jpg,"32 deg 51' 7.34"" N","96 deg 45' 37.38"" W",177 m Above Sea Level,2013:11:12 01:51:33Z
/Users/Taylor/Dropbox/Apps/Day One/Journal.dayone/photos/9D3236D838964342BA682C2E747B4929.jpg,9D3236D838964342BA682C2E747B4929.jpg,"32 deg 44' 58.05"" N","117 deg 10' 36.99"" W",84 m Above Sea Level,2014:05:26 20:18:48Z
/Users/Taylor/Dropbox/Apps/Day One/Journal.dayone/photos/9DC3FC1D53CF41DB9953D3B1B30D5BD4.jpg,9DC3FC1D53CF41DB9953D3B1B30D5BD4.jpg,"34 deg 14' 45.79"" N","93 deg 8' 53.74"" W",131.9 m Above Sea Level,2014:09:01 16:42:36Z
/Users/Taylor/Dropbox/Apps/Day One/Journal.dayone/photos/9EFC81521190409693D9246BDC186627.jpg,9EFC81521190409693D9246BDC186627.jpg,,,,
/Users/Taylor/Dropbox/Apps/Day One/Journal.dayone/photos/9F1303BDAA49417885EEA2C2FC232FD2.jpg,9F1303BDAA49417885EEA2C2FC232FD2.jpg,"32 deg 51' 7.37"" N","96 deg 45' 37.79"" W",179.7 m Above Sea Level,2014:03:23 23:23:59Z
/Users/Taylor/Dropbox/Apps/Day One/Journal.dayone/photos/9F64D62E30624EAE902F15CE6E9FAA0D.jpg,9F64D62E30624EAE902F15CE6E9FAA0D.jpg,,,,
/Users/Taylor/Dropbox/Apps/Day One/Journal.dayone/photos/A30B1EBF7439456E8CD377D5B89FC647.jpg,A30B1EBF7439456E8CD377D5B89FC647.jpg,"32 deg 51' 7.56"" N","96 deg 45' 37.71"" W",179.7 m Above Sea Level,2013:08:10 13:10:23Z
/Users/Taylor/Dropbox/Apps/Day One/Journal.dayone/photos/A3B3045EF54647138DFF77DCA511CD26.jpg,A3B3045EF54647138DFF77DCA511CD26.jpg,"33 deg 9' 53.12"" N","95 deg 13' 1.87"" W",180.8 m Above Sea Level,2014:09:01 20:48:09Z
/Users/Taylor/Dropbox/Apps/Day One/Journal.dayone/photos/A405A5630064446E80552CB66016904D.jpg,A405A5630064446E80552CB66016904D.jpg,,,,
/Users/Taylor/Dropbox/Apps/Day One/Journal.dayone/photos/A426890736E84409ACDB88AAC63B3997.jpg,A426890736E84409ACDB88AAC63B3997.jpg,"32 deg 47' 27.15"" N","96 deg 47' 49.96"" W",145.2 m Above Sea Level,2013:11:08 18:32:22Z
/Users/Taylor/Dropbox/Apps/Day One/Journal.dayone/photos/A619D9D0703A4FAC94C83D773477B2AC.jpg,A619D9D0703A4FAC94C83D773477B2AC.jpg,"32 deg 51' 10.47"" N","96 deg 45' 38.92"" W",180 m Above Sea Level,2014:07:13 22:23:51Z
/Users/Taylor/Dropbox/Apps/Day One/Journal.dayone/photos/A630E48CE85D41A0A1183F9DD853B509.jpg,A630E48CE85D41A0A1183F9DD853B509.jpg,,,,
/Users/Taylor/Dropbox/Apps/Day One/Journal.dayone/photos/A6F0A12D134C4F95922062A1DD1C7D68.jpg,A6F0A12D134C4F95922062A1DD1C7D68.jpg,"40 deg 7' 30.00"" N","111 deg 33' 59.40"" W",,
/Users/Taylor/Dropbox/Apps/Day One/Journal.dayone/photos/A76D406E21DF460099D96B42A4B1413F.jpg,A76D406E21DF460099D96B42A4B1413F.jpg,"34 deg 15' 35.73"" N","93 deg 11' 24.31"" W",151.8 m Above Sea Level,2014:08:30 19:23:07Z
/Users/Taylor/Dropbox/Apps/Day One/Journal.dayone/photos/A8CF05110661466DA411EA60F1FE3C34.jpg,A8CF05110661466DA411EA60F1FE3C34.jpg,"32 deg 51' 7.55"" N","96 deg 45' 37.71"" W",178.4 m Above Sea Level,2014:06:01 21:34:47Z
/Users/Taylor/Dropbox/Apps/Day One/Journal.dayone/photos/AAB92C18056D4F23A89DB79487C0DDCE.jpg,AAB92C18056D4F23A89DB79487C0DDCE.jpg,,,,
/Users/Taylor/Dropbox/Apps/Day One/Journal.dayone/photos/AB2DD772B1774B679DE3524883F0941E.jpg,AB2DD772B1774B679DE3524883F0941E.jpg,"32 deg 46' 47.86"" N","96 deg 45' 44.44"" W",139.5 m Above Sea Level,2013:10:10 02:17:11Z
/Users/Taylor/Dropbox/Apps/Day One/Journal.dayone/photos/AB581531D8D34074A7D6C35DB730CC4A.jpg,AB581531D8D34074A7D6C35DB730CC4A.jpg,,,,
/Users/Taylor/Dropbox/Apps/Day One/Journal.dayone/photos/ABAAAE5FD5DF43EAA1238AC19232E4A6.jpg,ABAAAE5FD5DF43EAA1238AC19232E4A6.jpg,,,,
/Users/Taylor/Dropbox/Apps/Day One/Journal.dayone/photos/ABD082E1438743968C4223F553DF08E3.jpg,ABD082E1438743968C4223F553DF08E3.jpg,"32 deg 50' 55.34"" N","96 deg 46' 18.61"" W",183.7 m Above Sea Level,2014:04:25 13:32:22Z
/Users/Taylor/Dropbox/Apps/Day One/Journal.dayone/photos/AC4E48EF4F874F23BDB11BD8C359F55E.jpg,AC4E48EF4F874F23BDB11BD8C359F55E.jpg,"32 deg 47' 13.21"" N","96 deg 47' 41.39"" W",143.8 m Above Sea Level,2014:01:20 23:39:36Z
/Users/Taylor/Dropbox/Apps/Day One/Journal.dayone/photos/ACC92C594D37430E9CDB2E0BBA3F536E.jpg,ACC92C594D37430E9CDB2E0BBA3F536E.jpg,,,,
/Users/Taylor/Dropbox/Apps/Day One/Journal.dayone/photos/AD728EFFE87543778DC486BF9DA9EC9D.jpg,AD728EFFE87543778DC486BF9DA9EC9D.jpg,,,,
/Users/Taylor/Dropbox/Apps/Day One/Journal.dayone/photos/ADAD433A74DB405AA42E4DA69F535371.jpg,ADAD433A74DB405AA42E4DA69F535371.jpg,"32 deg 44' 58.10"" N","117 deg 10' 36.36"" W",86.6 m Above Sea Level,2014:05:26 19:55:16Z
/Users/Taylor/Dropbox/Apps/Day One/Journal.dayone/photos/ADEB07AC1A8849F59ADC5A1826427ECB.jpg,ADEB07AC1A8849F59ADC5A1826427ECB.jpg,"32 deg 44' 58.27"" N","117 deg 10' 36.27"" W",86.3 m Above Sea Level,2014:05:26 20:01:24Z
/Users/Taylor/Dropbox/Apps/Day One/Journal.dayone/photos/AE937159CE764F92A927457E4F3C4450.jpg,AE937159CE764F92A927457E4F3C4450.jpg,"40 deg 14' 31.80"" N","111 deg 39' 1.80"" W",,
/Users/Taylor/Dropbox/Apps/Day One/Journal.dayone/photos/AF0E907B2CA54D0FB142E7E51039D1E4.jpg,AF0E907B2CA54D0FB142E7E51039D1E4.jpg,"32 deg 44' 58.68"" N","117 deg 10' 38.06"" W",84.7 m Above Sea Level,2014:05:26 19:49:08Z
/Users/Taylor/Dropbox/Apps/Day One/Journal.dayone/photos/AF202AB8B1D24C7C919B8BC768C9EF3E.jpg,AF202AB8B1D24C7C919B8BC768C9EF3E.jpg,"32 deg 51' 7.42"" N","96 deg 45' 37.57"" W",180.4 m Above Sea Level,2014:03:22 00:45:32Z
/Users/Taylor/Dropbox/Apps/Day One/Journal.dayone/photos/AF39C5F5E6DC4B92A1581135613D5A06.jpg,AF39C5F5E6DC4B92A1581135613D5A06.jpg,"32 deg 47' 19.61"" N","96 deg 48' 8.50"" W",133.3 m Above Sea Level,2014:02:22 22:17:49Z
/Users/Taylor/Dropbox/Apps/Day One/Journal.dayone/photos/AF6F95940C5B4D56AE0C7D74B844CEA6.jpg,AF6F95940C5B4D56AE0C7D74B844CEA6.jpg,"32 deg 51' 10.35"" N","96 deg 45' 38.67"" W",181.7 m Above Sea Level,2014:07:25 01:42:15Z
/Users/Taylor/Dropbox/Apps/Day One/Journal.dayone/photos/AF81264C38BA422BA26411E9794CC6D9.jpg,AF81264C38BA422BA26411E9794CC6D9.jpg,"38 deg 47' 14.76"" N","77 deg 30' 49.44"" W",81 m Above Sea Level,2014:07:26 17:23:42Z
/Users/Taylor/Dropbox/Apps/Day One/Journal.dayone/photos/B0B19518D4F04601823833EB040202A3.jpg,B0B19518D4F04601823833EB040202A3.jpg,"33 deg 13' 8.38"" N","96 deg 40' 13.83"" W",139.5 m Above Sea Level,2013:11:16 20:06:08Z
/Users/Taylor/Dropbox/Apps/Day One/Journal.dayone/photos/B13E22445CE3425CBFEDA497DCE47154.jpg,B13E22445CE3425CBFEDA497DCE47154.jpg,,,,
/Users/Taylor/Dropbox/Apps/Day One/Journal.dayone/photos/B14BAC26AA564C38882865B960501E87.jpg,B14BAC26AA564C38882865B960501E87.jpg,,,,
/Users/Taylor/Dropbox/Apps/Day One/Journal.dayone/photos/B19372B5FDB6487DB2CED67D1D0DDB92.jpg,B19372B5FDB6487DB2CED67D1D0DDB92.jpg,"32 deg 44' 58.28"" N","117 deg 10' 36.36"" W",86.3 m Above Sea Level,2014:05:26 20:11:05Z
/Users/Taylor/Dropbox/Apps/Day One/Journal.dayone/photos/B309FD5C4D8E49CCA8951D60A7BEDF08.jpg,B309FD5C4D8E49CCA8951D60A7BEDF08.jpg,,,,
/Users/Taylor/Dropbox/Apps/Day One/Journal.dayone/photos/B35339EEC0AE469DAD6ABE8169D34F76.jpg,B35339EEC0AE469DAD6ABE8169D34F76.jpg,"32 deg 47' 58.98"" N","96 deg 49' 25.73"" W",122.6 m Above Sea Level,2014:03:27 00:26:09Z
/Users/Taylor/Dropbox/Apps/Day One/Journal.dayone/photos/B44BED2842D24238986B7A03794A6779.jpg,B44BED2842D24238986B7A03794A6779.jpg,,,,
/Users/Taylor/Dropbox/Apps/Day One/Journal.dayone/photos/B48849C1229C4C259C3ADEE38740C90A.jpg,B48849C1229C4C259C3ADEE38740C90A.jpg,,,,
/Users/Taylor/Dropbox/Apps/Day One/Journal.dayone/photos/B4EAA819B1AA4E618485EF135B6A3C7C.jpg,B4EAA819B1AA4E618485EF135B6A3C7C.jpg,,,,
/Users/Taylor/Dropbox/Apps/Day One/Journal.dayone/photos/B4F6B067BFCA423C879797ED8E5DCA05.jpg,B4F6B067BFCA423C879797ED8E5DCA05.jpg,"32 deg 45' 0.14"" N","117 deg 11' 1.43"" W",76.5 m Above Sea Level,2014:05:26 15:27:26Z
/Users/Taylor/Dropbox/Apps/Day One/Journal.dayone/photos/B5387A6B4B5C4FB69B5F3B5FDDF7F56C.jpg,B5387A6B4B5C4FB69B5F3B5FDDF7F56C.jpg,,,,
/Users/Taylor/Dropbox/Apps/Day One/Journal.dayone/photos/B6030D03CB5544B0BD7443835D90B2AD.jpg,B6030D03CB5544B0BD7443835D90B2AD.jpg,,,,
/Users/Taylor/Dropbox/Apps/Day One/Journal.dayone/photos/B60B1873BE7B476C9079E6E9B3E35B47.jpg,B60B1873BE7B476C9079E6E9B3E35B47.jpg,"32 deg 47' 14.09"" N","96 deg 48' 22.89"" W",135.6 m Above Sea Level,2014:04:03 15:46:32Z
/Users/Taylor/Dropbox/Apps/Day One/Journal.dayone/photos/B6F53BD646CC4A47ACAB739172D504E2.jpg,B6F53BD646CC4A47ACAB739172D504E2.jpg,"40 deg 28' 46.84"" N","111 deg 51' 14.80"" W",1851.8 m Above Sea Level,2014:02:27 02:37:11Z
/Users/Taylor/Dropbox/Apps/Day One/Journal.dayone/photos/B7E0E9C8CE2640128C5A67D2E30AA090.jpg,B7E0E9C8CE2640128C5A67D2E30AA090.jpg,"34 deg 15' 35.93"" N","93 deg 11' 24.56"" W",136.2 m Above Sea Level,2014:08:31 19:33:56Z
/Users/Taylor/Dropbox/Apps/Day One/Journal.dayone/photos/B7E373EDDD8446BEBE6027ACF2200B84.jpg,B7E373EDDD8446BEBE6027ACF2200B84.jpg,,,,
/Users/Taylor/Dropbox/Apps/Day One/Journal.dayone/photos/B9DCEE3948514036B633774520D915F7.jpg,B9DCEE3948514036B633774520D915F7.jpg,"40 deg 15' 13.80"" N","111 deg 38' 57.00"" W",,
/Users/Taylor/Dropbox/Apps/Day One/Journal.dayone/photos/BADB128488FF4754BF5DA285FD56699E.jpg,BADB128488FF4754BF5DA285FD56699E.jpg,,,,
/Users/Taylor/Dropbox/Apps/Day One/Journal.dayone/photos/BB78917A5B2B4BE9BB5BCC35EB1F79B2.jpg,BB78917A5B2B4BE9BB5BCC35EB1F79B2.jpg,"32 deg 51' 7.38"" N","96 deg 45' 37.60"" W",183 m Above Sea Level,2014:05:11 22:05:10Z
/Users/Taylor/Dropbox/Apps/Day One/Journal.dayone/photos/BB7D53FF513546EAA3BA4758AC76C673.jpg,BB7D53FF513546EAA3BA4758AC76C673.jpg,"32 deg 59' 57.83"" N","97 deg 5' 49.64"" W",170.4 m Above Sea Level,2014:05:02 01:04:26Z
/Users/Taylor/Dropbox/Apps/Day One/Journal.dayone/photos/BC063DE312C148C0B11E929B233C2539.jpg,BC063DE312C148C0B11E929B233C2539.jpg,"32 deg 45' 48.22"" N","96 deg 45' 26.20"" W",130.8 m Above Sea Level,2013:10:26 15:25:45Z
/Users/Taylor/Dropbox/Apps/Day One/Journal.dayone/photos/BC7DC0E166DD4A5F80E2D2DE92D6533A.jpg,BC7DC0E166DD4A5F80E2D2DE92D6533A.jpg,"40 deg 14' 22.20"" N","111 deg 42' 22.20"" W",,
/Users/Taylor/Dropbox/Apps/Day One/Journal.dayone/photos/BD8861CEC47548DAB481FD142025805D.jpg,BD8861CEC47548DAB481FD142025805D.jpg,"30 deg 16' 27.05"" N","97 deg 44' 24.73"" W",166.5 m Above Sea Level,2014:01:25 20:31:45Z
/Users/Taylor/Dropbox/Apps/Day One/Journal.dayone/photos/BE1AE3BE09844BE3B67D1799BBF5C31D.jpg,BE1AE3BE09844BE3B67D1799BBF5C31D.jpg,"32 deg 59' 56.06"" N","96 deg 57' 50.25"" W",136.1 m Above Sea Level,2013:08:08 00:56:17Z
/Users/Taylor/Dropbox/Apps/Day One/Journal.dayone/photos/BEC8D3DEF6C749CC84FE8CD3405E87E6.jpg,BEC8D3DEF6C749CC84FE8CD3405E87E6.jpg,"33 deg 8' 38.58"" N","96 deg 50' 8.85"" W",189 m Above Sea Level,2013:08:10 17:41:05Z
/Users/Taylor/Dropbox/Apps/Day One/Journal.dayone/photos/BEEAD2740BBB4F2B8371789EFA145CD7.jpg,BEEAD2740BBB4F2B8371789EFA145CD7.jpg,"40 deg 16' 23.35"" N","111 deg 42' 36.57"" W",1405 m Above Sea Level,2014:02:28 21:21:14Z
/Users/Taylor/Dropbox/Apps/Day One/Journal.dayone/photos/BF0EBB570F4942699C8B778A09D660D5.jpg,BF0EBB570F4942699C8B778A09D660D5.jpg,,,,
/Users/Taylor/Dropbox/Apps/Day One/Journal.dayone/photos/BFBAB43FA77B4999A09273789C3C470C.jpg,BFBAB43FA77B4999A09273789C3C470C.jpg,"40 deg 14' 31.80"" N","111 deg 39' 1.80"" W",,
/Users/Taylor/Dropbox/Apps/Day One/Journal.dayone/photos/C092C71478CC48E9A2484D48CE97407D.jpg,C092C71478CC48E9A2484D48CE97407D.jpg,,,,
/Users/Taylor/Dropbox/Apps/Day One/Journal.dayone/photos/C0FBBE2754FF4C8882535BC2D4AFA66B.jpg,C0FBBE2754FF4C8882535BC2D4AFA66B.jpg,"32 deg 51' 7.70"" N","96 deg 45' 37.44"" W",180.2 m Above Sea Level,2014:06:09 00:46:45Z
/Users/Taylor/Dropbox/Apps/Day One/Journal.dayone/photos/C17848F41ADD4559A4F2FE25328750FF.jpg,C17848F41ADD4559A4F2FE25328750FF.jpg,"32 deg 51' 7.34"" N","96 deg 45' 37.66"" W",183.9 m Above Sea Level,2014:05:11 22:07:06Z
/Users/Taylor/Dropbox/Apps/Day One/Journal.dayone/photos/C1B9B041A0A74B31BC8CDE5D6870DE82.jpg,C1B9B041A0A74B31BC8CDE5D6870DE82.jpg,,,,
/Users/Taylor/Dropbox/Apps/Day One/Journal.dayone/photos/C217E09855A2478E988870EADEC6F3E3.jpg,C217E09855A2478E988870EADEC6F3E3.jpg,"33 deg 1' 11.23"" N","97 deg 3' 17.62"" W",184.7 m Above Sea Level,2014:06:10 00:50:37Z
/Users/Taylor/Dropbox/Apps/Day One/Journal.dayone/photos/C33A2C3A12014BAA998F88C0BA7FC45D.jpg,C33A2C3A12014BAA998F88C0BA7FC45D.jpg,"38 deg 37' 39.60"" N","109 deg 36' 1.20"" W",,
/Users/Taylor/Dropbox/Apps/Day One/Journal.dayone/photos/C3511EF2343C473EBC2F988B7CCCE927.jpg,C3511EF2343C473EBC2F988B7CCCE927.jpg,"37 deg 22' 58.20"" N","5 deg 59' 15.00"" W",,
/Users/Taylor/Dropbox/Apps/Day One/Journal.dayone/photos/C37973F13AE34050BDBD2C73EA75BA94.jpg,C37973F13AE34050BDBD2C73EA75BA94.jpg,,,,
/Users/Taylor/Dropbox/Apps/Day One/Journal.dayone/photos/C3B23E0BB44D463AB92F34CCF21707E0.jpg,C3B23E0BB44D463AB92F34CCF21707E0.jpg,"32 deg 45' 0.33"" N","117 deg 11' 1.38"" W",67.7 m Above Sea Level,2014:05:23 00:59:06Z
/Users/Taylor/Dropbox/Apps/Day One/Journal.dayone/photos/C3EFDD431981448B9CB9E742D3D6C8C1.jpg,C3EFDD431981448B9CB9E742D3D6C8C1.jpg,"34 deg 15' 36.13"" N","93 deg 11' 24.86"" W",132.5 m Above Sea Level,2014:08:30 00:25:31Z
/Users/Taylor/Dropbox/Apps/Day One/Journal.dayone/photos/C46E72F2BC814A75AF159EE98DA0A42A.jpg,C46E72F2BC814A75AF159EE98DA0A42A.jpg,,,,
/Users/Taylor/Dropbox/Apps/Day One/Journal.dayone/photos/C5C79C55CD52490E8A4CFF1FE197C59C.jpg,C5C79C55CD52490E8A4CFF1FE197C59C.jpg,"33 deg 1' 10.80"" N","97 deg 3' 18.60"" W",,
/Users/Taylor/Dropbox/Apps/Day One/Journal.dayone/photos/C6E2B65283DC4E1788A643792D25A60B.jpg,C6E2B65283DC4E1788A643792D25A60B.jpg,"40 deg 14' 42.60"" N","111 deg 39' 13.80"" W",,
/Users/Taylor/Dropbox/Apps/Day One/Journal.dayone/photos/C7A662A1B1C241D399609827CD241424.jpg,C7A662A1B1C241D399609827CD241424.jpg,,,,
/Users/Taylor/Dropbox/Apps/Day One/Journal.dayone/photos/C8887BA3E02E49D6B14B73E2E03ABBFF.jpg,C8887BA3E02E49D6B14B73E2E03ABBFF.jpg,"39 deg 0' 54.07"" N","77 deg 3' 56.48"" W",92.5 m Above Sea Level,2014:05:10 16:31:09Z
/Users/Taylor/Dropbox/Apps/Day One/Journal.dayone/photos/C946E79CBEB1407B80300520BDC36E41.jpg,C946E79CBEB1407B80300520BDC36E41.jpg,"37 deg 10' 41.40"" N","3 deg 35' 28.80"" W",,
/Users/Taylor/Dropbox/Apps/Day One/Journal.dayone/photos/C9A5CE8B10CA45DBB5693ED49D830FE5.jpg,C9A5CE8B10CA45DBB5693ED49D830FE5.jpg,,,,
/Users/Taylor/Dropbox/Apps/Day One/Journal.dayone/photos/C9F93D2F1DDB446FB94642512FB31292.jpg,C9F93D2F1DDB446FB94642512FB31292.jpg,"32 deg 47' 22.14"" N","96 deg 47' 3.10"" W",146.8 m Above Sea Level,2013:11:22 15:01:10Z
/Users/Taylor/Dropbox/Apps/Day One/Journal.dayone/photos/CAF9B2FC679D4EBFABE730BB603057F2.jpg,CAF9B2FC679D4EBFABE730BB603057F2.jpg,"37 deg 16' 9.60"" N","112 deg 56' 52.20"" W",,
/Users/Taylor/Dropbox/Apps/Day One/Journal.dayone/photos/CBC59A9351FE4E2887B5D9F5FE31739F.jpg,CBC59A9351FE4E2887B5D9F5FE31739F.jpg,"32 deg 51' 7.20"" N","96 deg 45' 37.68"" W",179.6 m Above Sea Level,2014:03:22 00:45:51Z
/Users/Taylor/Dropbox/Apps/Day One/Journal.dayone/photos/CBEFF24CE71F4DE8886FC385BB1CC2CE.jpg,CBEFF24CE71F4DE8886FC385BB1CC2CE.jpg,"32 deg 51' 7.23"" N","96 deg 45' 37.71"" W",180.1 m Above Sea Level,2014:04:05 16:06:56Z
/Users/Taylor/Dropbox/Apps/Day One/Journal.dayone/photos/CC71BFB189F4493499B42FF318ABE099.jpg,CC71BFB189F4493499B42FF318ABE099.jpg,,,,
/Users/Taylor/Dropbox/Apps/Day One/Journal.dayone/photos/CC93D54F2B2E44A58D18E6FF2472389A.jpg,CC93D54F2B2E44A58D18E6FF2472389A.jpg,,,,
/Users/Taylor/Dropbox/Apps/Day One/Journal.dayone/photos/CD94913008AC4D5DA2A6E6B48301A78B.jpg,CD94913008AC4D5DA2A6E6B48301A78B.jpg,"34 deg 15' 35.61"" N","93 deg 11' 24.12"" W",135.5 m Above Sea Level,2014:08:31 18:40:46Z
/Users/Taylor/Dropbox/Apps/Day One/Journal.dayone/photos/CEFD791667304A65B5F8708306CBFB2B.jpg,CEFD791667304A65B5F8708306CBFB2B.jpg,,,,
/Users/Taylor/Dropbox/Apps/Day One/Journal.dayone/photos/CFA8439A17C44787B94024998FDAE0C2.jpg,CFA8439A17C44787B94024998FDAE0C2.jpg,"34 deg 6' 42.60"" N","99 deg 6' 4.80"" W",,
/Users/Taylor/Dropbox/Apps/Day One/Journal.dayone/photos/D01913F999F0455F8620B182B0017DE2.jpg,D01913F999F0455F8620B182B0017DE2.jpg,,,,
/Users/Taylor/Dropbox/Apps/Day One/Journal.dayone/photos/D0590D36DC6D45FC9ECE716FB4175210.jpg,D0590D36DC6D45FC9ECE716FB4175210.jpg,,,,
/Users/Taylor/Dropbox/Apps/Day One/Journal.dayone/photos/D27F5BA08A6F4F13801B405E4606F016.jpg,D27F5BA08A6F4F13801B405E4606F016.jpg,"32 deg 48' 10.65"" N","96 deg 49' 52.46"" W",127 m Above Sea Level,2014:03:27 23:51:59Z
/Users/Taylor/Dropbox/Apps/Day One/Journal.dayone/photos/D2AA4B8FF01748FEBDCE1C37D90DD595.jpg,D2AA4B8FF01748FEBDCE1C37D90DD595.jpg,"32 deg 51' 7.25"" N","96 deg 45' 37.85"" W",178.1 m Above Sea Level,2013:12:11 03:21:30Z
/Users/Taylor/Dropbox/Apps/Day One/Journal.dayone/photos/D349242963C944A58585D29B67AA30A5.jpg,D349242963C944A58585D29B67AA30A5.jpg,,,,
/Users/Taylor/Dropbox/Apps/Day One/Journal.dayone/photos/D55C8B329CC34207A15392664D4BF997.jpg,D55C8B329CC34207A15392664D4BF997.jpg,,,,
/Users/Taylor/Dropbox/Apps/Day One/Journal.dayone/photos/D69C51A6056F45FB8056969E83971218.jpg,D69C51A6056F45FB8056969E83971218.jpg,"32 deg 44' 57.99"" N","117 deg 10' 36.25"" W",86.1 m Above Sea Level,2014:05:26 19:54:13Z
/Users/Taylor/Dropbox/Apps/Day One/Journal.dayone/photos/D69F828202164B8C827406F65B23E7CC.jpg,D69F828202164B8C827406F65B23E7CC.jpg,"32 deg 47' 10.16"" N","96 deg 47' 56.22"" W",147.4 m Above Sea Level,2014:04:18 13:40:51Z
/Users/Taylor/Dropbox/Apps/Day One/Journal.dayone/photos/D7196CF690074B4EBB764939FCCE7491.jpg,D7196CF690074B4EBB764939FCCE7491.jpg,"40 deg 8' 23.40"" N","111 deg 35' 31.20"" W",,
/Users/Taylor/Dropbox/Apps/Day One/Journal.dayone/photos/D752A9176DD445639FF1CE445348A401.jpg,D752A9176DD445639FF1CE445348A401.jpg,"32 deg 50' 31.03"" N","96 deg 46' 16.99"" W",180.8 m Above Sea Level,2014:09:04 22:49:46Z
/Users/Taylor/Dropbox/Apps/Day One/Journal.dayone/photos/D889F47976F0422884B5E4758EA71D2F.jpg,D889F47976F0422884B5E4758EA71D2F.jpg,"30 deg 16' 33.33"" N","97 deg 44' 23.44"" W",166.6 m Above Sea Level,2014:01:25 19:27:10Z
/Users/Taylor/Dropbox/Apps/Day One/Journal.dayone/photos/D8B82D23132645E3AE3592CE2E278FF3.jpg,D8B82D23132645E3AE3592CE2E278FF3.jpg,"32 deg 51' 7.20"" N","96 deg 45' 37.71"" W",181.9 m Above Sea Level,2013:12:06 14:26:00Z
/Users/Taylor/Dropbox/Apps/Day One/Journal.dayone/photos/DA00E6F69CA34800A4EC3B75734FCE18.jpg,DA00E6F69CA34800A4EC3B75734FCE18.jpg,"32 deg 51' 7.26"" N","96 deg 45' 37.66"" W",181.2 m Above Sea Level,2013:12:05 02:31:35Z
/Users/Taylor/Dropbox/Apps/Day One/Journal.dayone/photos/DBE50C21FB7440B68EE8A6BE9DE412C3.jpg,DBE50C21FB7440B68EE8A6BE9DE412C3.jpg,"32 deg 51' 7.64"" N","96 deg 45' 37.74"" W",178.7 m Above Sea Level,2014:05:11 19:42:45Z
/Users/Taylor/Dropbox/Apps/Day One/Journal.dayone/photos/DC51992630EC4B378A663B6A7DE76606.jpg,DC51992630EC4B378A663B6A7DE76606.jpg,,,,
/Users/Taylor/Dropbox/Apps/Day One/Journal.dayone/photos/DC5852C2887240E7B6CDE774EAD928EE.jpg,DC5852C2887240E7B6CDE774EAD928EE.jpg,"32 deg 51' 10.62"" N","96 deg 45' 38.59"" W",179.8 m Above Sea Level,2014:07:15 23:37:01Z
/Users/Taylor/Dropbox/Apps/Day One/Journal.dayone/photos/DCD34D8B98D642DC8D9721E9F96736C6.jpg,DCD34D8B98D642DC8D9721E9F96736C6.jpg,,,,
/Users/Taylor/Dropbox/Apps/Day One/Journal.dayone/photos/DCD83761AAEA4AE39FC23C6AD9688222.jpg,DCD83761AAEA4AE39FC23C6AD9688222.jpg,,,,
/Users/Taylor/Dropbox/Apps/Day One/Journal.dayone/photos/DD44559B557B42DC83C532F3AC030B1D.jpg,DD44559B557B42DC83C532F3AC030B1D.jpg,"32 deg 50' 55.20"" N","96 deg 46' 18.66"" W",188 m Above Sea Level,2013:12:04 14:02:49Z
/Users/Taylor/Dropbox/Apps/Day One/Journal.dayone/photos/DD50F4BEBF814237B2D6741E5EEF71EA.jpg,DD50F4BEBF814237B2D6741E5EEF71EA.jpg,"32 deg 45' 0.30"" N","117 deg 11' 0.94"" W",84.9 m Above Sea Level,2014:05:23 17:34:15Z
/Users/Taylor/Dropbox/Apps/Day One/Journal.dayone/photos/DF0D702653864B56AF0F6D012A02A7AA.jpg,DF0D702653864B56AF0F6D012A02A7AA.jpg,,,,
/Users/Taylor/Dropbox/Apps/Day One/Journal.dayone/photos/DF3D156336C1425FB40ABFB3DC388FF9.jpg,DF3D156336C1425FB40ABFB3DC388FF9.jpg,"34 deg 15' 36.16"" N","93 deg 11' 24.17"" W",135 m Above Sea Level,2014:08:31 19:09:50Z
/Users/Taylor/Dropbox/Apps/Day One/Journal.dayone/photos/DF7BD37B1D424DF3AFEE7D8FFA0B21D8.jpg,DF7BD37B1D424DF3AFEE7D8FFA0B21D8.jpg,,,,
/Users/Taylor/Dropbox/Apps/Day One/Journal.dayone/photos/DFA6D198469043019B2F6F5B5C12E204.jpg,DFA6D198469043019B2F6F5B5C12E204.jpg,"40 deg 14' 14.52"" N","111 deg 40' 33.99"" W",1386.1 m Above Sea Level,2014:06:15 17:54:32Z
/Users/Taylor/Dropbox/Apps/Day One/Journal.dayone/photos/E0B03807840747F49A3FFB0C195B3116.jpg,E0B03807840747F49A3FFB0C195B3116.jpg,"32 deg 51' 10.25"" N","96 deg 45' 38.23"" W",179.7 m Above Sea Level,2014:06:30 02:12:01Z
/Users/Taylor/Dropbox/Apps/Day One/Journal.dayone/photos/E3757AD7DBCF4913A078344FFFCFA80A.jpg,E3757AD7DBCF4913A078344FFFCFA80A.jpg,"30 deg 14' 58.67"" N","97 deg 45' 0.08"" W",159.1 m Above Sea Level,2014:01:25 18:35:40Z
/Users/Taylor/Dropbox/Apps/Day One/Journal.dayone/photos/E41103A50B374F09A9E10281F7867128.jpg,E41103A50B374F09A9E10281F7867128.jpg,,,,
/Users/Taylor/Dropbox/Apps/Day One/Journal.dayone/photos/E4383B8CA221493ABA90DFA66E8744A1.jpg,E4383B8CA221493ABA90DFA66E8744A1.jpg,"40 deg 14' 43.20"" N","111 deg 39' 6.60"" W",,
/Users/Taylor/Dropbox/Apps/Day One/Journal.dayone/photos/E49F7AEF64E14EC6848B809FB049406A.jpg,E49F7AEF64E14EC6848B809FB049406A.jpg,,,,
/Users/Taylor/Dropbox/Apps/Day One/Journal.dayone/photos/E57E6D072191491188CD631B6B3FDFB2.jpg,E57E6D072191491188CD631B6B3FDFB2.jpg,"39 deg 0' 54.40"" N","77 deg 3' 56.40"" W",91.4 m Above Sea Level,2014:05:10 16:38:05Z
/Users/Taylor/Dropbox/Apps/Day One/Journal.dayone/photos/E60C5C09C6AE4912A51B90E6E9F4D796.jpg,E60C5C09C6AE4912A51B90E6E9F4D796.jpg,"45 deg 34' 36.05"" N","122 deg 6' 58.44"" W",64.2 m Above Sea Level,2014:07:05 22:58:45Z
/Users/Taylor/Dropbox/Apps/Day One/Journal.dayone/photos/E6527F12A21043F2A9044F698D68E080.jpg,E6527F12A21043F2A9044F698D68E080.jpg,"32 deg 47' 21.68"" N","96 deg 47' 3.18"" W",145.4 m Above Sea Level,2013:09:19 17:24:16Z
/Users/Taylor/Dropbox/Apps/Day One/Journal.dayone/photos/E6A1D8A6B4F147D28F98C03E903A04C5.jpg,E6A1D8A6B4F147D28F98C03E903A04C5.jpg,"40 deg 8' 23.71"" N","111 deg 35' 31.46"" W",1453.6 m Above Sea Level,2014:06:14 22:10:53Z
/Users/Taylor/Dropbox/Apps/Day One/Journal.dayone/photos/E757CD7D6C4D45FFB061E1FA483A9235.jpg,E757CD7D6C4D45FFB061E1FA483A9235.jpg,,,,
/Users/Taylor/Dropbox/Apps/Day One/Journal.dayone/photos/E7ED554E4160433697DEEEEF73DA5138.jpg,E7ED554E4160433697DEEEEF73DA5138.jpg,"32 deg 47' 11.45"" N","96 deg 47' 39.08"" W",143.7 m Above Sea Level,2014:06:06 11:53:01Z
/Users/Taylor/Dropbox/Apps/Day One/Journal.dayone/photos/EB9060331D844644A5B825A2C0835E2E.jpg,EB9060331D844644A5B825A2C0835E2E.jpg,"32 deg 51' 7.30"" N","96 deg 45' 37.68"" W",182.5 m Above Sea Level,2014:03:23 23:21:18Z
/Users/Taylor/Dropbox/Apps/Day One/Journal.dayone/photos/EBB6D9E810A740B1B7E2924A831C0039.jpg,EBB6D9E810A740B1B7E2924A831C0039.jpg,"32 deg 50' 55.06"" N","96 deg 46' 18.14"" W",179.6 m Above Sea Level,2013:10:09 12:42:17Z
/Users/Taylor/Dropbox/Apps/Day One/Journal.dayone/photos/ED177417CDCE4E0384D4A08EC8389A36.jpg,ED177417CDCE4E0384D4A08EC8389A36.jpg,"32 deg 59' 54.09"" N","97 deg 5' 46.01"" W",163.4 m Above Sea Level,2014:05:03 12:21:13Z
/Users/Taylor/Dropbox/Apps/Day One/Journal.dayone/photos/ED68C62125F945D29FC80D5E39508488.jpg,ED68C62125F945D29FC80D5E39508488.jpg,"40 deg 8' 23.28"" N","111 deg 35' 31.59"" W",1446.8 m Above Sea Level,2014:06:14 13:48:10Z
/Users/Taylor/Dropbox/Apps/Day One/Journal.dayone/photos/ED8D4695F6824E44A92202D2A0904AB9.jpg,ED8D4695F6824E44A92202D2A0904AB9.jpg,"32 deg 49' 54.17"" N","96 deg 46' 39.18"" W",143 m Above Sea Level,2013:11:18 00:36:05Z
/Users/Taylor/Dropbox/Apps/Day One/Journal.dayone/photos/EDB9825D552E4996ABC88127B582F4CD.jpg,EDB9825D552E4996ABC88127B582F4CD.jpg,"40 deg 8' 22.80"" N","111 deg 35' 31.20"" W",1446.5 m Above Sea Level,2012:11:07 18:01:15Z
/Users/Taylor/Dropbox/Apps/Day One/Journal.dayone/photos/EE2AF05573F04EC29314D1E4E811B992.jpg,EE2AF05573F04EC29314D1E4E811B992.jpg,"32 deg 51' 7.38"" N","96 deg 45' 37.60"" W",182.7 m Above Sea Level,2014:05:11 22:05:15Z
/Users/Taylor/Dropbox/Apps/Day One/Journal.dayone/photos/EE5789CDA72A4FE09900AE9D3E4A0B6C.jpg,EE5789CDA72A4FE09900AE9D3E4A0B6C.jpg,"34 deg 14' 44.47"" N","93 deg 9' 11.32"" W",125.4 m Above Sea Level,2014:09:01 17:12:07Z
/Users/Taylor/Dropbox/Apps/Day One/Journal.dayone/photos/EE96163A83F744EC8B285A5B1E6E778D.jpg,EE96163A83F744EC8B285A5B1E6E778D.jpg,,,,
/Users/Taylor/Dropbox/Apps/Day One/Journal.dayone/photos/EF55EA9935424252A6EB544F626E8EE7.jpg,EF55EA9935424252A6EB544F626E8EE7.jpg,"32 deg 51' 10.18"" N","96 deg 45' 38.75"" W",180.2 m Above Sea Level,2014:08:03 02:10:17Z
/Users/Taylor/Dropbox/Apps/Day One/Journal.dayone/photos/EF5862E449C542E484DE7DCC6C327B85.jpg,EF5862E449C542E484DE7DCC6C327B85.jpg,"32 deg 51' 7.45"" N","96 deg 45' 37.93"" W",182 m Above Sea Level,2013:12:22 18:49:43Z
/Users/Taylor/Dropbox/Apps/Day One/Journal.dayone/photos/EF81A1036A724D608647F25031094ABA.jpg,EF81A1036A724D608647F25031094ABA.jpg,"40 deg 23' 58.80"" N","111 deg 35' 59.40"" W",,
/Users/Taylor/Dropbox/Apps/Day One/Journal.dayone/photos/F03C62B9FCA549FB878A7FEB86684213.jpg,F03C62B9FCA549FB878A7FEB86684213.jpg,,,,
/Users/Taylor/Dropbox/Apps/Day One/Journal.dayone/photos/F04971309B35411FA486B42641E6D201.jpg,F04971309B35411FA486B42641E6D201.jpg,"33 deg 1' 10.13"" N","97 deg 3' 18.14"" W",183.5 m Above Sea Level,2014:04:20 16:23:40Z
/Users/Taylor/Dropbox/Apps/Day One/Journal.dayone/photos/F0B2CA76914F4771802315EC571BF998.jpg,F0B2CA76914F4771802315EC571BF998.jpg,,,,
/Users/Taylor/Dropbox/Apps/Day One/Journal.dayone/photos/F1296A233B304F13870AED565D66E106.jpg,F1296A233B304F13870AED565D66E106.jpg,,,,
/Users/Taylor/Dropbox/Apps/Day One/Journal.dayone/photos/F1F2298BAB544DD6B39F0511E21F53BC.jpg,F1F2298BAB544DD6B39F0511E21F53BC.jpg,,,,
/Users/Taylor/Dropbox/Apps/Day One/Journal.dayone/photos/F1F81168A1C944AE93D07E71A76B5EE5.jpg,F1F81168A1C944AE93D07E71A76B5EE5.jpg,"32 deg 51' 26.09"" N","96 deg 45' 37.85"" W",167.7 m Above Sea Level,2014:01:01 20:55:35Z
/Users/Taylor/Dropbox/Apps/Day One/Journal.dayone/photos/F1FD92890A9E4BBB9CF49D0ABD36E49E.jpg,F1FD92890A9E4BBB9CF49D0ABD36E49E.jpg,"40 deg 15' 1.80"" N","111 deg 39' 8.40"" W",,
/Users/Taylor/Dropbox/Apps/Day One/Journal.dayone/photos/F2FF38414461472593F49FE0BAFD98EE.jpg,F2FF38414461472593F49FE0BAFD98EE.jpg,,,,
/Users/Taylor/Dropbox/Apps/Day One/Journal.dayone/photos/F325B4A63E3A441F9D256585464F3375.jpg,F325B4A63E3A441F9D256585464F3375.jpg,,,,
/Users/Taylor/Dropbox/Apps/Day One/Journal.dayone/photos/F36F003C7F1B4E68BC58E718D8111BF1.jpg,F36F003C7F1B4E68BC58E718D8111BF1.jpg,"32 deg 47' 21.71"" N","96 deg 47' 2.58"" W",146 m Above Sea Level,2013:07:25 18:10:52Z
/Users/Taylor/Dropbox/Apps/Day One/Journal.dayone/photos/F39EEEEA16E044CC97A2FEC65CC96922.jpg,F39EEEEA16E044CC97A2FEC65CC96922.jpg,"33 deg 1' 9.83"" N","97 deg 3' 18.80"" W",179.9 m Above Sea Level,2013:12:02 00:57:34Z
/Users/Taylor/Dropbox/Apps/Day One/Journal.dayone/photos/F4606D71F3404049B8B772787686944A.jpg,F4606D71F3404049B8B772787686944A.jpg,"33 deg 1' 10.56"" N","97 deg 3' 18.39"" W",184.3 m Above Sea Level,2013:10:18 01:49:33Z
/Users/Taylor/Dropbox/Apps/Day One/Journal.dayone/photos/F5AD4DCC43374487A5388564B18E9BB8.jpg,F5AD4DCC43374487A5388564B18E9BB8.jpg,,,,
/Users/Taylor/Dropbox/Apps/Day One/Journal.dayone/photos/F5ED7E214B4E43A582CF5487960B9A6E.jpg,F5ED7E214B4E43A582CF5487960B9A6E.jpg,"34 deg 14' 44.37"" N","93 deg 8' 42.51"" W",127 m Above Sea Level,2014:09:01 17:26:38Z
/Users/Taylor/Dropbox/Apps/Day One/Journal.dayone/photos/F6397C2B4985418E98302070E23A30F9.jpg,F6397C2B4985418E98302070E23A30F9.jpg,"32 deg 51' 7.18"" N","96 deg 45' 37.82"" W",172.9 m Above Sea Level,2013:12:12 03:28:52Z
/Users/Taylor/Dropbox/Apps/Day One/Journal.dayone/photos/F673DFFBAC2F4CCFB6CFC3A71570EAD7.jpg,F673DFFBAC2F4CCFB6CFC3A71570EAD7.jpg,"38 deg 9' 1.80"" N","109 deg 46' 54.00"" W",,
/Users/Taylor/Dropbox/Apps/Day One/Journal.dayone/photos/F6B26DBDAEB24A17B697D567B13FB476.jpg,F6B26DBDAEB24A17B697D567B13FB476.jpg,"40 deg 15' 14.40"" N","111 deg 38' 58.20"" W",,
/Users/Taylor/Dropbox/Apps/Day One/Journal.dayone/photos/F76F88E4C7D044B2945FC3EDFF136278.jpg,F76F88E4C7D044B2945FC3EDFF136278.jpg,"32 deg 48' 29.84"" N","96 deg 46' 32.67"" W",177.8 m Above Sea Level,2013:09:24 01:12:47Z
/Users/Taylor/Dropbox/Apps/Day One/Journal.dayone/photos/F77CAE5630304BD0B678C4C726D1F7E7.jpg,F77CAE5630304BD0B678C4C726D1F7E7.jpg,"32 deg 40' 42.34"" N","116 deg 57' 50.66"" W",1238.6 m Above Sea Level,2014:05:23 16:27:03Z
/Users/Taylor/Dropbox/Apps/Day One/Journal.dayone/photos/F7CCBDC5A7264FACAFBAEA14AE00B5CF.jpg,F7CCBDC5A7264FACAFBAEA14AE00B5CF.jpg,"32 deg 51' 7.36"" N","96 deg 45' 37.82"" W",182.1 m Above Sea Level,2013:07:29 21:32:51Z
/Users/Taylor/Dropbox/Apps/Day One/Journal.dayone/photos/F7E40B53B220496893D3B6E9E74034B6.jpg,F7E40B53B220496893D3B6E9E74034B6.jpg,"32 deg 50' 55.02"" N","96 deg 46' 18.36"" W",186.6 m Above Sea Level,2013:12:10 14:02:15Z
/Users/Taylor/Dropbox/Apps/Day One/Journal.dayone/photos/F88C8218E62A4FF480A72C178FFEF367.jpg,F88C8218E62A4FF480A72C178FFEF367.jpg,"40 deg 8' 23.22"" N","111 deg 35' 31.54"" W",1439 m Above Sea Level,2014:06:14 13:46:57Z
/Users/Taylor/Dropbox/Apps/Day One/Journal.dayone/photos/F8EF3A6D9C914A2092614FC7E699D04B.jpg,F8EF3A6D9C914A2092614FC7E699D04B.jpg,,,,
/Users/Taylor/Dropbox/Apps/Day One/Journal.dayone/photos/F906D04ECCF5429F8F7E805001E3FA49.jpg,F906D04ECCF5429F8F7E805001E3FA49.jpg,"32 deg 51' 7.26"" N","96 deg 45' 37.88"" W",182.6 m Above Sea Level,2013:12:21 19:01:38Z
/Users/Taylor/Dropbox/Apps/Day One/Journal.dayone/photos/F9412DC3FD1043C0898B9BD624DC9ADB.jpg,F9412DC3FD1043C0898B9BD624DC9ADB.jpg,"32 deg 51' 10.62"" N","96 deg 45' 38.64"" W",179.4 m Above Sea Level,2014:06:29 18:15:55Z
/Users/Taylor/Dropbox/Apps/Day One/Journal.dayone/photos/FAEF75E840C74F5BAB714B9E71ECA44C.jpg,FAEF75E840C74F5BAB714B9E71ECA44C.jpg,,,,
/Users/Taylor/Dropbox/Apps/Day One/Journal.dayone/photos/FB727B4F0DE24C71ADD3D00BABDC72C7.jpg,FB727B4F0DE24C71ADD3D00BABDC72C7.jpg,,,,
/Users/Taylor/Dropbox/Apps/Day One/Journal.dayone/photos/FC24105D2BF14EA087F37C5C9CF1237D.jpg,FC24105D2BF14EA087F37C5C9CF1237D.jpg,"32 deg 51' 7.58"" N","96 deg 45' 37.79"" W",179.3 m Above Sea Level,2014:05:17 17:18:58Z
/Users/Taylor/Dropbox/Apps/Day One/Journal.dayone/photos/FC3A173CC7024FF2AF3BCF7A44CFE81A.jpg,FC3A173CC7024FF2AF3BCF7A44CFE81A.jpg,"32 deg 51' 7.12"" N","96 deg 45' 37.55"" W",182.3 m Above Sea Level,2014:03:19 10:56:01Z
/Users/Taylor/Dropbox/Apps/Day One/Journal.dayone/photos/FE12E0EC845F481BA394EADC5B7EDFDE.jpg,FE12E0EC845F481BA394EADC5B7EDFDE.jpg,,,,
/Users/Taylor/Dropbox/Apps/Day One/Journal.dayone/photos/FE913928E29849E5B1B28D1BD798DF4B.jpg,FE913928E29849E5B1B28D1BD798DF4B.jpg,"45 deg 34' 37.62"" N","122 deg 7' 0.50"" W",23.3 m Above Sea Level,2014:07:05 22:52:54Z
/Users/Taylor/Dropbox/Apps/Day One/Journal.dayone/photos/FED2BF971AC644D98B38B06EB992FF84.jpg,FED2BF971AC644D98B38B06EB992FF84.jpg,"32 deg 45' 0.47"" N","117 deg 11' 1.05"" W",84.3 m Above Sea Level,2014:05:26 15:28:54Z
/Users/Taylor/Dropbox/Apps/Day One/Journal.dayone/photos/FF1E2D4A0C2F466EB3C81BB7DC087D14.jpg,FF1E2D4A0C2F466EB3C81BB7DC087D14.jpg,"32 deg 51' 6.74"" N","96 deg 45' 37.30"" W",181.4 m Above Sea Level,2014:04:12 13:39:00Z
/Users/Taylor/Dropbox/Apps/Day One/Journal.dayone/photos/FF8FA1CF0C2141CBAE9DC2E8EE1BC463.jpg,FF8FA1CF0C2141CBAE9DC2E8EE1BC463.jpg,"32 deg 51' 36.00"" N","96 deg 46' 10.20"" W",,
/Users/Taylor/Dropbox/Apps/Day One/Journal.dayone/photos/FFA990DC04AE41B4ACB68261164B42F4.jpg,FFA990DC04AE41B4ACB68261164B42F4.jpg,"32 deg 51' 7.31"" N","96 deg 45' 37.66"" W",176.5 m Above Sea Level,2013:08:16 14:23:41Z
